名称,规定的年份,酒精度,容量,装瓶,桶号,评分,版本,商店链接
Core Range, , , , , , , , 
Ardbeg An Oa,-,46.6 % Vol.,700 ml,2017,-,84.08,25,-
Ardbeg Corryvreckan,-,57.1 % Vol.,700 ml,-,-,88.19,47,-
Ardbeg Ten,10,46.0 % Vol.,700 ml,2020,-,-,-,-
Ardbeg Ten,10,46.0 % Vol.,700 ml,-,-,86.08,197,-
Ardbeg Ten,10,46.0 % Vol.,700 ml,2020,-,-,-,-
Ardbeg Uigeadail,-,54.2 % Vol.,700 ml,-,-,88.89,123,-
Ardbeg Wee Beastie,05,47.4 % Vol.,700 ml,2020,-,84.99,5,-
Distillery Bottling, , , , , , , , 
Ardbeg 10-year-old  Very Rare Islay Single Malt,10,-,-,-,-,77.50,-,-
Ardbeg 10-year-old  Old Islay Malt,10,80 (proof),757 ml,-,-,69.50,-,-
Ardbeg 10-year-old  Old Islay Malt - Special Reserve,10,80 (proof),757 ml,-,-,90.97,-,-
Ardbeg 10-year-old  Finest Islay Single Malt Scotch Whisky,10,70 (proof),757 ml,-,-,84.33,-,-
Ardbeg 10-year-old  Old Islay Malt,10,80 (proof),757 ml,-,-,91.40,-,-
Ardbeg 10-year-old  Old Islay Malt,10,80 (proof),757 ml,-,-,91.00,-,-
Ardbeg 10-year-old Guaranteed,10,43.0 % Vol.,750 ml,-,-,90.00,-,-
Ardbeg 10-year-old Guaranteed  Finest Islay Single Malt,10,-,50 ml,-,-,70.00,-,-
Ardbeg 10-year-old Guaranteed  Finest Islay Single Malt,10,40.0 % Vol.,700 ml,-,-,89.00,1,-
Ardbeg 10-year-old Guaranteed  Finest Islay Single Malt,10,46.0 % Vol.,750 ml,-,-,84.10,-,-
Ardbeg 10-year-old Guaranteed  Finest Islay Single Malt,10,43.0 % Vol.,50 ml,-,-,56.67,-,-
"Ardbeg 10-year-old Guaranteed  Finest Islay Single Malt, black screw cap",10,40.0 % Vol.,750 ml,1980,-,90.60,1,-
Ardbeg 10-year-old Guaranteed  Finest Islay Single Malt,10,70 (proof),757 ml,-,-,92.20,-,-
Ardbeg 12-year-old  Old Islay Malt - Special Reserve,12,80 (proof),757 ml,-,-,92.00,-,-
Ardbeg 12-year-old  Old Islay Malt - Special Reserve,12,80 (proof),757 ml,1966,-,91.57,-,-
Ardbeg 12-year-old  Old Islay Malt,12,80 (proof),757 ml,-,-,92.00,-,-
Ardbeg 15-year-old Guaranteed  Finest Islay Single Malt - Quintessential Islay Box,15,43.0 % Vol.,500 ml,1996,-,90.13,-,-
Ardbeg 17-year-old,17,40.0 % Vol.,50 ml,-,-,80.50,-,-
Ardbeg 17-year-old,17,43.0 % Vol.,750 ml,-,-,87.09,1,-
Ardbeg 17-year-old  Angels' Share,17,40.0 % Vol.,25 ml,-,-,-,-,-
Ardbeg 17-year-old,17,40.0 % Vol.,700 ml,1997,-,87.16,19,-
Ardbeg 18-year-old  Alexander McDougall & Co,18,91.30 (proof),757 ml,-,-,-,-,-
Ardbeg 18-year-old  Alexander McDougall & Co,18,91.30 (proof),757 ml,-,-,91.00,-,-
Ardbeg 1815,33,50.1 % Vol.,700 ml,-,-,92.88,-,-
Ardbeg 1885 - FAKE BOTTLE WARNING!  Alexander Mc. Dougall & Co.,10,48.6 % Vol.,-,-,-,-,-,-
Ardbeg 1892  Pure Islay Malt,-,0.0 % Vol.,-,-,-,3.00,-,-
Ardbeg 1965,39,42.1 % Vol.,700 ml,2005,3678 + 3679,92.31,1,-
Ardbeg 1972  Ping No. 1,31,51.4 % Vol.,700 ml,2004,2780,94.58,-,-
Ardbeg 1972,30,49.9 % Vol.,700 ml,2003,2782,94.64,-,-
Ardbeg 1972,31,49.2 % Vol.,700 ml,2004,2781,94.35,-,-
Ardbeg 1972,32,48.3 % Vol.,700 ml,2004,866,94.45,-,-
Ardbeg 1972,32,45.3 % Vol.,700 ml,2004,861,94.29,-,-
Ardbeg 1972,32,48.5 % Vol.,700 ml,2004,868,93.93,-,-
Ardbeg 1972,31,44.2 % Vol.,700 ml,2004,3038,92.74,-,-
Ardbeg 1973,31,49.3 % Vol.,700 ml,2004,1143,93.43,-,-
Ardbeg 1973,31,49.5 % Vol.,700 ml,2004,1146,93.71,-,-
Ardbeg 1974  La Maison du Whisky,-,52.5 % Vol.,700 ml,2006,3309,95.13,-,-
Ardbeg 1974,-,54.1 % Vol.,700 ml,2006,3327,94.34,-,-
Ardbeg 1974,-,53.5 % Vol.,700 ml,2006,3328,94.47,-,-
Ardbeg 1974,-,51.8 % Vol.,700 ml,2005,2751,93.56,-,-
Ardbeg 1974,-,51.9 % Vol.,700 ml,2005,2741,93.41,-,-
Ardbeg 1974,-,53.1 % Vol.,700 ml,2005,2738,93.28,-,-
Ardbeg 1974,-,50.7 % Vol.,700 ml,2006,4989,93.54,-,-
Ardbeg 1974,-,48.0 % Vol.,700 ml,2006,4547,93.72,-,-
Ardbeg 1974,-,54.5 % Vol.,700 ml,2006,3326,93.84,-,-
Ardbeg 1974  Part of Double Barrel,-,49.9 % Vol.,700 ml,2007,3524,90.00,-,-
Ardbeg 1974  Manager's Choice,-,46.7 % Vol.,700 ml,2006,4985,94.17,-,-
Ardbeg 1974,-,51.8 % Vol.,700 ml,2006,5666,94.12,-,-
Ardbeg 1974,-,44.5 % Vol.,700 ml,2002,3475,94.50,-,-
Ardbeg 1974  Part of Double Barrel,-,44.9 % Vol.,700 ml,2007,3145,90.60,-,-
Ardbeg 1974  Flying Turf,-,52.2 % Vol.,700 ml,2006,3306,93.32,-,-
Ardbeg 1974,-,53.7 % Vol.,700 ml,2004,2739,93.53,-,-
Ardbeg 1974,-,52.3 % Vol.,700 ml,2003,2740,93.62,-,-
Ardbeg 1974  Part of Double Barrel,-,44.3 % Vol.,700 ml,-,3528,-,-,-
Ardbeg 1974  Single Cask,-,53.9 % Vol.,700 ml,2006,3324,93.36,-,-
Ardbeg 1974,-,51.7 % Vol.,700 ml,2005,2743,93.85,-,-
Ardbeg 1974,-,42.7 % Vol.,700 ml,2005,2742,93.35,-,-
Ardbeg 1974,-,51.0 % Vol.,700 ml,2005,2749,93.43,-,-
Ardbeg 1974  Aoibhinn,38,41.0 % Vol.,700 ml,2012,-,-,-,-
Ardbeg 1974  Part of Double Barrel,-,49.0 % Vol.,700 ml,-,3160,93.00,-,-
Ardbeg 1974,-,52.1 % Vol.,700 ml,2005,2752,93.47,-,-
Ardbeg 1974 Provenance  1st Release,23,55.6 % Vol.,700 ml,1997,-,93.98,-,-
Ardbeg 1974 Provenance  2nd Release,23,54.7 % Vol.,750 ml,1998,-,94.11,-,-
Ardbeg 1974 Provenance  3rd Release,25,55.0 % Vol.,750 ml,2000,-,94.13,-,-
Ardbeg 1974 Provenance  4th Release,-,55.0 % Vol.,750 ml,2000,-,94.40,-,-
Ardbeg 1975  The President's Malt 2011 - 2012,-,44.8 % Vol.,700 ml,2011,-,71.00,-,-
Ardbeg 1975,-,41.4 % Vol.,700 ml,2006,4720,93.32,-,-
Ardbeg 1975,-,44.8 % Vol.,700 ml,2002,4716,94.26,-,-
Ardbeg 1975,-,53.7 % Vol.,700 ml,2006,1378,93.36,-,-
Ardbeg 1975,-,43.0 % Vol.,700 ml,1999,-,91.16,-,-
Ardbeg 1975  Committee X-mas bottle,-,54.2 % Vol.,700 ml,2006,1375,93.41,-,-
Ardbeg 1975,-,40.9 % Vol.,700 ml,2006,4699,93.45,-,-
Ardbeg 1975,-,43.0 % Vol.,700 ml,2001,-,91.28,-,-
Ardbeg 1975,-,43.0 % Vol.,700 ml,2000,-,91.01,-,-
Ardbeg 1975  Feis Ile 2005,-,44.7 % Vol.,700 ml,2005,4719,93.66,-,-
Ardbeg 1975  Manager's Choice,-,46.7 % Vol.,700 ml,2000,4700,94.30,-,-
Ardbeg 1975,-,43.0 % Vol.,700 ml,1998,-,91.42,-,-
Ardbeg 1975  Committee Reserve,-,46.7 % Vol.,700 ml,1999,4718,94.08,-,-
Ardbeg 1975  Hong Kong Duty Free,-,52.3 % Vol.,700 ml,2008,1376,93.05,-,-
Ardbeg 1975  Swiss Import,-,43.0 % Vol.,700 ml,2000,-,92.00,-,-
Ardbeg 1975  Exclusively for Dugas France,-,45.2 % Vol.,700 ml,1999,4702,93.74,-,-
Ardbeg 1975,-,47.6 % Vol.,700 ml,2002,4703,93.84,-,-
Ardbeg 1975  Feis Ile 2006,-,46.3 % Vol.,700 ml,2006,4717,94.43,-,-
Ardbeg 1975  Feis Ile 2005,-,47.2 % Vol.,700 ml,2005,4704,93.76,-,-
Ardbeg 1975,-,46.2 % Vol.,700 ml,2002,4701,93.94,-,-
Ardbeg 1976  Feis Ile 2002,-,53.1 % Vol.,700 ml,2002,2390,94.88,-,-
Ardbeg 1976  The Ardbeg Committee,-,53.2 % Vol.,700 ml,2000,2394,94.34,-,-
Ardbeg 1976  Manager's Choice,-,56.0 % Vol.,700 ml,1999,2391,94.65,-,-
Ardbeg 1976,-,53.5 % Vol.,700 ml,2002,2396,94.17,-,-
Ardbeg 1976  The Ardbeg Committee,-,55.0 % Vol.,700 ml,2000,2392,94.21,-,-
Ardbeg 1976,-,52.4 % Vol.,700 ml,2008,2397,94.21,-,-
Ardbeg 1976  Islay festival 2004,-,51.4 % Vol.,700 ml,2004,2398,94.42,-,-
Ardbeg 1976,-,54.5 % Vol.,700 ml,2002,2395,95.32,-,-
Ardbeg 1977,-,46.0 % Vol.,700 ml,2001,-,90.56,8,-
Ardbeg 1978,-,43.0 % Vol.,750 ml,1998,-,-,-,-
Ardbeg 1978,-,43.0 % Vol.,700 ml,1997,-,90.48,-,-
Ardbeg 1978,-,43.0 % Vol.,700 ml,1998,-,89.35,-,-
Ardbeg 1978  only at the distillery,-,42.4 % Vol.,700 ml,1999,-,88.18,-,-
Ardbeg 1978,-,43.0 % Vol.,700 ml,1999,-,90.58,-,-
Ardbeg 1979-1980  Committee Reserve,21,56.3 % Vol.,700 ml,2001,-,92.03,-,-
Ardbeg 1980 Kildalton,23,57.6 % Vol.,700 ml,2004,-,90.26,-,-
Ardbeg 1981 Kildalton  Limited Edition,-,52.6 % Vol.,50 ml,2005,-,88.70,-,-
Ardbeg 1990  for Fortnum & Mason,-,52.8 % Vol.,700 ml,2007,86,90.23,-,-
Ardbeg 1990 Cask Strength,13,55.0 % Vol.,700 ml,2004,-,89.67,1,-
Ardbeg 1991  Private Bottling,27,48.5 % Vol.,700 ml,2018,02/54-4,90.67,-,-
Ardbeg 1991  Private Cask,25,49.8 % Vol.,700 ml,2016,0649,-,-,-
Ardbeg 1991  Private Bottling,20,46.0 % Vol.,700 ml,2011,672,-,-,-
Ardbeg 1991,-,55.8 % Vol.,700 ml,2011,-,89.50,-,-
Ardbeg 1992,-,55.7 % Vol.,700 ml,2008,772,88.31,-,-
Ardbeg 1993,25,46.0 % Vol.,700 ml,2019,93/1757,-,-,-
Ardbeg 1994,-,46.0 % Vol.,700 ml,2011,1065,-,-,-
Ardbeg 1994  Private Bottling,23,56.0 % Vol.,700 ml,2017,1048,90.50,-,-
Ardbeg 1995  Feis Ile 2010,-,53.3 % Vol.,700 ml,2010,2761,88.37,-,-
Ardbeg 1996 Twenty Something,22,46.4 % Vol.,700 ml,2018,-,90.26,1,-
Ardbeg 1997 Very Young  Committee Reserve,06,58.9 % Vol.,700 ml,2003,-,85.83,-,-
Ardbeg 1998  Feis Ile 2011,13,55.1 % Vol.,700 ml,2011,-,90.39,-,-
Ardbeg 1998,-,55.6 % Vol.,700 ml,2009,2763,89.30,-,-
Ardbeg 1998  Feis Ile 2009,-,54.7 % Vol.,700 ml,2008,1190,89.64,-,-
Ardbeg 1998  Feis Ile 2009,-,54.0 % Vol.,700 ml,2008,1189,89.34,-,-
Ardbeg 1998,-,55.4 % Vol.,700 ml,2009,1275,89.61,-,-
Ardbeg 1998 Almost There  3rd Release,09,54.1 % Vol.,700 ml,2007,-,86.47,-,-
Ardbeg 1998 Renaissance,10,55.9 % Vol.,700 ml,2008,-,87.76,-,-
Ardbeg 1998 Still Young  2nd Release,08,56.2 % Vol.,700 ml,2006,-,85.34,2,-
Ardbeg 1998 Very Young,-,58.3 % Vol.,700 ml,2004,-,85.17,-,-
Ardbeg 1999,-,58.6 % Vol.,700 ml,2010,1924,88.59,-,-
Ardbeg 2000  Single Cask,20,48.2 % Vol.,700 ml,2020,2,92.00,-,-
Ardbeg 2000  Single Cask,-,46.7 % Vol.,750 ml,2020,10,-,-,-
Ardbeg 2000  Lord Robertson for Erskine,-,53.0 % Vol.,700 ml,2010,1217,85.10,-,-
Ardbeg 2000,-,55.9 % Vol.,700 ml,2010,368,89.31,-,-
Ardbeg 2003  Single Cask,-,52.8 % Vol.,700 ml,2019,2455,91.04,-,-
Ardbeg 2004  Duty Paid Sample,-,56.6 % Vol.,500 ml,2016,1213,88.50,-,-
Ardbeg 2005  Duty Paid Sample,-,57.6 % Vol.,500 ml,2016,1322,92.00,-,-
Ardbeg 2005,14,54.1 % Vol.,700 ml,-,4578,87.22,-,-
Ardbeg 2005  Single Cask,-,52.5 % Vol.,700 ml,2019,4586,90.71,-,-
Ardbeg 2005,-,56.4 % Vol.,700 ml,2018,1321,90.30,-,-
Ardbeg 2005  Single Cask,-,53.1 % Vol.,700 ml,2019,315,89.00,-,-
Ardbeg 2005  Duty Paid Sample,-,55.6 % Vol.,500 ml,2016,4586,89.50,-,-
Ardbeg 2006  Duty Paid Sample,-,58.3 % Vol.,500 ml,2016,4805,89.50,-,-
Ardbeg 2007,10,59.6 % Vol.,700 ml,2017,824,91.00,-,-
Ardbeg 2007  Single Cask,-,56.0 % Vol.,700 ml,2019,5824,90.14,-,-
Ardbeg 2011  Single Cask,-,60.2 % Vol.,700 ml,2018,2198,90.13,-,-
Ardbeg 25-year-old,25,46.0 % Vol.,700 ml,2020,-,-,-,-
Ardbeg 25-year-old  Guaranteed,25,43.0 % Vol.,757 ml,-,-,-,-,-
Ardbeg 30-year-old  Very Old,30,40.0 % Vol.,700 ml,1997,-,90.56,2,-
Ardbeg 37-year-old,37,49.7 % Vol.,700 ml,2018,-,63.00,-,-
Ardbeg Airigh Nam Beist,-,46.0 % Vol.,700 ml,2006,-,89.24,18,-
Ardbeg Alligator  Committee Reserve for Discussion,-,51.2 % Vol.,700 ml,2011,-,88.97,2,-
Ardbeg Alligator  Untamed Release,-,51.2 % Vol.,700 ml,2011,-,88.50,3,-
Ardbeg Ardbog  Limited Edition,-,52.1 % Vol.,700 ml,2013,-,87.49,4,-
Ardbeg Auriverdes  Limited Edition,-,49.9 % Vol.,700 ml,2014,-,85.70,2,-
Ardbeg Auriverdes Gold,-,49.9 % Vol.,700 ml,-,-,89.43,1,-
Ardbeg Blaaack  The Ardbeg Committee,-,50.7 % Vol.,700 ml,2019,-,88.07,1,-
Ardbeg Blaaack  Committee 20th Anniversary LIMITED EDITION,-,46.0 % Vol.,700 ml,2020,-,87.52,3,-
Ardbeg Blasda  Limited Edition,-,40.0 % Vol.,700 ml,2009,-,83.83,-,-
Ardbeg Blasda  Limited Edition,-,40.0 % Vol.,700 ml,2008,-,80.86,2,-
Ardbeg Committee Reserve  without back label,-,55.3 % Vol.,700 ml,2002,-,91.23,2,-
Ardbeg Corryvreckan,-,57.1 % Vol.,700 ml,2017,-,87.94,10,-
Ardbeg Corryvreckan,-,57.1 % Vol.,50 ml,2009,-,-,-,-
Ardbeg Corryvreckan  Committee Reserve,-,57.1 % Vol.,700 ml,2008,-,90.26,-,-
Ardbeg Corryvreckan  Distillery Bottling,-,57.1 % Vol.,700 ml,2014,-,80.00,-,-
Ardbeg Dark Cove,-,46.5 % Vol.,750 ml,2016,-,89.46,-,-
Ardbeg Dark Cove  Limited Edition,-,46.5 % Vol.,700 ml,2016,-,86.11,3,-
Ardbeg Dark Cove  Committee Release,-,55.0 % Vol.,700 ml,2015,-,88.38,4,-
Ardbeg Day,-,56.7 % Vol.,700 ml,2012,-,88.37,3,-
Ardbeg Drum  Limited Edition,-,46.0 % Vol.,700 ml,2019,-,84.95,3,-
Ardbeg Drum - Committee Release  The Ardbeg Committee,-,52.0 % Vol.,700 ml,2018,-,85.68,1,-
Ardbeg Fine Old Islay Whisky  Specially selected & Fully  matured - pure malt,-,0.0 % Vol.,-,-,-,-,-,-
Ardbeg Galileo,12,49.0 % Vol.,700 ml,2012,-,87.18,3,-
Ardbeg Grooves,-,46.0 % Vol.,750 ml,2018,-,88.93,-,-
Ardbeg Grooves,-,46.0 % Vol.,4500 ml,2018,-,87.00,-,-
Ardbeg Grooves  Limited Edition,-,46.0 % Vol.,700 ml,2018,-,86.25,1,-
Ardbeg Grooves - Committee Release  The Ardbeg Committee,-,51.6 % Vol.,700 ml,2017,-,86.87,1,-
Ardbeg Kelpie  Special Committee Only Edition,-,51.7 % Vol.,700 ml,2017,-,86.61,1,-
Ardbeg Kelpie  Limited Edition,-,46.0 % Vol.,700 ml,2017,-,84.45,2,-
Ardbeg Kildalton  Limited Edition,-,46.0 % Vol.,700 ml,2014,-,86.06,-,-
Ardbeg Lord Of The Isles,25,46.0 % Vol.,700 ml,2001,-,91.28,11,-
Ardbeg Mór,10,57.3 % Vol.,4500 ml,2007,-,88.41,-,-
Ardbeg Mór 2,10,46.0 % Vol.,4500 ml,2010,-,83.00,-,-
Ardbeg Mór 2,10,46.0 % Vol.,4500 ml,2008,-,86.46,1,-
Ardbeg Old Islay Malt,-,80 (proof),757 ml,-,-,91.30,-,-
Ardbeg Old Islay Malt,-,46.0 % Vol.,757 ml,-,-,-,-,-
Ardbeg Old Islay Malt  Special Liqueur,-,43.0 % Vol.,757 ml,-,-,-,-,-
Ardbeg Old Islay Malt,-,80 (proof),47 ml,1960,-,-,-,-
Ardbeg Old Islay Whisky  Pure Malt - Dumpy Bottle,-,0.0 % Vol.,-,-,-,-,-,-
Ardbeg Perpetuum  Bicentenary Committee Release,-,49.2 % Vol.,700 ml,2015,-,86.78,-,-
Ardbeg Perpetuum,-,47.4 % Vol.,700 ml,2015,-,84.48,7,-
Ardbeg Rollercoaster  Tenth Anniversary Committee Bottling,-,57.3 % Vol.,700 ml,2009,-,87.55,2,-
Ardbeg Scorch,-,57.1 % Vol.,750 ml,-,-,-,-,-
Ardbeg Still Young  2nd Release,08,56.2 % Vol.,700 ml,2006,-,88.33,-,-
Ardbeg Supernova  SN 2015,-,54.3 % Vol.,700 ml,2015,-,89.30,3,-
Ardbeg Supernova  Committee Release,-,58.9 % Vol.,700 ml,2008,-,88.81,1,-
Ardbeg Supernova  SN 2019,-,53.8 % Vol.,700 ml,2019,-,88.86,1,-
Ardbeg Supernova,-,58.9 % Vol.,700 ml,2009,-,90.33,-,-
Ardbeg Supernova,-,58.9 % Vol.,700 ml,2009,-,89.07,1,-
Ardbeg Supernova  Duty Paid Sample,-,60.1 % Vol.,100 ml,2010,-,85.00,-,-
Ardbeg Supernova  SN 2014,-,55.0 % Vol.,700 ml,2014,-,88.53,2,-
Ardbeg Supernova  SN 2014,-,55.0 % Vol.,4500 ml,2014,-,-,-,-
Ardbeg Supernova  SN 2010,-,60.1 % Vol.,700 ml,2010,-,89.19,1,-
Ardbeg TEN,10,0.0 % Vol.,750 ml,-,-,66.00,-,-
Ardbeg TEN  Committee Millennium Cask,10,46.0 % Vol.,700 ml,2010,1737,-,-,-
Ardbeg Ten  Feis ile 2018,10,46.0 % Vol.,700 ml,2018,-,87.00,-,-
Ardbeg Ten Cask Strength,10,57.8 % Vol.,700 ml,2003,-,88.14,-,-
Ardbeg The Story of Peat  Miniature,-,-,50 ml,-,-,-,-,-
Ardbeg Traigh Bhan  Small Batch Release,19,46.2 % Vol.,700 ml,2019,-,88.83,1,-
Ardbeg Traigh Bhan Batch 2   Small Batch Release,19,46.2 % Vol.,700 ml,2020,-,89.92,1,-
Ardbeg Twenty One,21,46.0 % Vol.,700 ml,2016,-,88.05,2,-
Ardbeg Twenty Something,23,46.3 % Vol.,700 ml,2017,-,89.40,1,-
Ardbeg Uigeadail,-,54.2 % Vol.,700 ml,2017,-,87.25,12,-
Ardbeg Young Uigeadail  Committee Reserve,-,59.9 % Vol.,700 ml,2006,-,88.80,-,-
-, , , , , , , , 
Ardbeg 1993 DR  Uisge Beatha Taigh,20,57.1 % Vol.,700 ml,2014,1732,90.81,-,-
Ardbeg 1993 DR  Individual Cask Bottling,20,57.2 % Vol.,700 ml,2013,1751,88.82,-,-
Ardbeg 1993 DR  Individual Cask Bottling,20,57.1 % Vol.,700 ml,2014,1732,89.00,-,-
-, , , , , , , , 
Ardbeg 1991 Ac  Natural Malt Selection,10,59.9 % Vol.,700 ml,2001,-,89.64,-,-
Ardbeg 1991 Ac  Natural Malt Selection,13,55.1 % Vol.,700 ml,2004,-,89.53,-,-
-, , , , , , , , 
Ardbeg 1993 AWL  A Single Old Malt Cask,-,57.5 % Vol.,700 ml,2004,-,91.00,-,-
-, , , , , , , , 
Ardbeg 1975 AD  Distillery,18,54.8 % Vol.,700 ml,1993,2468,91.00,-,-
Ardbeg 1975 AD  Distillery,21,53.8 % Vol.,700 ml,1996,516,92.78,-,-
Ardbeg 1976 AD  Distillery,19,57.0 % Vol.,700 ml,1995,2399,92.73,-,-
Ardbeg 1976 AD,19,52.0 % Vol.,700 ml,1995,2401,92.00,-,-
Ardbeg 1976 AD  Distillery,21,49.2 % Vol.,700 ml,1997,453,92.71,-,-
Ardbeg 1978 AD  Distillery,18,66.6 % Vol.,700 ml,1996,272,91.45,-,-
Ardbeg 1978 AD  Distillery,18,64.7 % Vol.,700 ml,1996,271,91.71,-,-
Ardbeg 1978 AD  Distillery,18,66.7 % Vol.,750 ml,1996,274,-,-,-
Ardbeg 1978 AD  Distillery,19,56.0 % Vol.,700 ml,1997,55,92.00,-,-
Ardbeg 1979 AD  Distillery,17,59.1 % Vol.,750 ml,1996,1640,90.00,-,-
Ardbeg 1979 AD  Distillery,17,63.2 % Vol.,700 ml,1996,12095,90.75,-,-
Ardbeg 1979 AD  Distillery,17,55.4 % Vol.,700 ml,1996,21,88.40,-,-
Ardbeg 1979 AD  Distillery,17,64.3 % Vol.,750 ml,1996,11928,91.00,-,-
Ardbeg 1998 AD  Selection,11,58.0 % Vol.,700 ml,2009,1980,85.56,-,-
Ardbeg 1998 AD  Selection,11,57.9 % Vol.,700 ml,2009,1981,88.33,-,-
Ardbeg 1998 AD  Selection,10,58.8 % Vol.,700 ml,2009,1979,87.88,-,-
Ardbeg 1999 AD  Selection,09,58.5 % Vol.,700 ml,2008,626,87.38,-,-
Ardbeg 2004 AD  Limited,14,60.7 % Vol.,700 ml,2019,700171,89.96,-,-
Ardbeg 21-year-old AD,21,49.1 % Vol.,700 ml,-,-,88.00,-,-
-, , , , , , , , 
Ardbeg 2000 AC,10,59.4 % Vol.,700 ml,2010,10424,86.67,-,-
Ardbeg 2000 AC  Special Islay Malt,07,46.0 % Vol.,700 ml,2007,-,85.28,-,-
-, , , , , , , , 
Ardbeg 12-year-old As,12,46.6 % Vol.,700 ml,-,-,85.75,-,-
Ardbeg 1992 As,10,46.6 % Vol.,700 ml,-,-,-,-,-
-, , , , , , , , 
Ardbeg 1975 Blo,25,58.0 % Vol.,700 ml,2001,-,93.20,-,-
-, , , , , , , , 
Ardbeg 10-year-old CA  Bond Reserve,10,58.6 % Vol.,700 ml,-,-,88.64,-,-
Ardbeg 10-year-old CA,10,58.5 % Vol.,750 ml,-,-,87.00,-,-
Ardbeg 10-year-old CA  Dumpy Bottle,10,45.7 % Vol.,750 ml,-,-,-,-,-
Ardbeg 12-year-old CA  Dumpy Bottle,12,45.7 % Vol.,750 ml,-,-,75.00,-,-
Ardbeg 12-year-old CA  Dumpy Bottle,12,46.0 % Vol.,757 ml,-,-,-,-,-
Ardbeg 14-year-old CA  Black Label,14,80 (proof),50 ml,-,-,89.29,-,-
Ardbeg 15-year-old CA  Dumpy Bottle,15,46.0 % Vol.,750 ml,-,-,89.00,-,-
Ardbeg 15-year-old CA  Miniature,15,46.0 % Vol.,50 ml,-,-,-,-,-
Ardbeg 16-year-old CA  Duthies,16,46.0 % Vol.,700 ml,-,-,87.37,-,-
Ardbeg 17 Year Old CA  Black Label,17,46.0 % Vol.,50 ml,-,-,91.00,-,-
Ardbeg 17-year-old CA  Dumpy Bottle,17,46.0 % Vol.,750 ml,-,-,91.25,-,-
Ardbeg 17-year-old CA  Dumpy Bottle,17,46.0 % Vol.,757 ml,-,-,90.71,-,-
Ardbeg 18-year-old CA  Dumpy Bottle,18,46.0 % Vol.,750 ml,-,-,89.50,-,-
Ardbeg 1959 CA  Dumpy Bottle,25,46.0 % Vol.,750 ml,1984,-,-,-,-
Ardbeg 1959 CA  Dumpy Bottle,25,46.0 % Vol.,750 ml,1985,-,93.93,-,-
Ardbeg 1961 CA  Dumpy Bottle,19,46.0 % Vol.,750 ml,1980,-,92.50,-,-
Ardbeg 1961 CA  Dumpy Bottle,16,46.0 % Vol.,750 ml,1977,-,92.50,-,-
Ardbeg 1962 CA  Dumpy Bottle,17,46.0 % Vol.,750 ml,1979,-,91.64,-,-
Ardbeg 1963 CA  Dumpy Bottle,15,46.0 % Vol.,750 ml,1979,-,92.00,-,-
Ardbeg 1964 CA  Dumpy Bottle,15,46.0 % Vol.,750 ml,1979,-,66.67,-,-
Ardbeg 1965 CA  Andy & Norman,24,54.4 % Vol.,750 ml,1990,-,93.00,-,-
Ardbeg 1965 CA  Authentic Collection,28,54.4 % Vol.,700 ml,1993,-,92.59,1,-
Ardbeg 1965 CA  Dumpy Bottle,24,54.4 % Vol.,750 ml,1989,-,92.87,-,-
Ardbeg 1965 CA  Dumpy Bottle,14,45.7 % Vol.,750 ml,1979,-,92.00,-,-
Ardbeg 1965 CA,23,55.0 % Vol.,700 ml,1988,-,91.00,-,-
Ardbeg 1965 CA  Dumpy Bottle,22,46.0 % Vol.,750 ml,1987,-,92.41,-,-
Ardbeg 1965 CA  Dumpy Bottle,13,46.0 % Vol.,750 ml,1978,-,88.89,-,-
Ardbeg 1965 CA  Dumpy Bottle,19,46.0 % Vol.,750 ml,1985,-,94.00,-,-
Ardbeg 1965 CA  Dumpy Bottle,14,46.0 % Vol.,750 ml,1979,-,89.44,-,-
Ardbeg 1966 CA  Authentic Collection,32,42.6 % Vol.,700 ml,1999,-,90.84,-,-
Ardbeg 1966 CA  Bond Reserve,32,42.8 % Vol.,700 ml,1999,-,91.40,-,-
Ardbeg 1966 CA  Dumpy Bottle,11,46.0 % Vol.,750 ml,1977,-,87.00,-,-
Ardbeg 1967 CA  Dumpy Bottle,12,46.0 % Vol.,750 ml,1979,-,94.00,-,-
Ardbeg 1969 CA  Dumpy Bottle,12,58.0 % Vol.,750 ml,1982,-,54.00,-,-
Ardbeg 1969 CA  Dumpy Bottle,16,46.0 % Vol.,750 ml,1986,-,-,-,-
Ardbeg 1969 CA  Dumpy Bottle,17,46.0 % Vol.,750 ml,1987,-,-,-,-
Ardbeg 1973 CA  Authentic Collection,20,58.5 % Vol.,700 ml,1994,-,92.67,-,-
Ardbeg 1974 CA  Authentic Collection - 150th Anniversary Bottling,18,58.0 % Vol.,700 ml,1992,-,93.00,-,-
Ardbeg 1974 CA  Authentic Collection - 150th Anniversary Bottling,18,57.7 % Vol.,700 ml,1992,-,92.95,-,-
Ardbeg 1974 CA  Dumpy Bottle,12,46.0 % Vol.,750 ml,1986,-,91.60,-,-
Ardbeg 1974 CA  Authentic Collection - 150th Anniversary Bottling,18,57.6 % Vol.,700 ml,1992,-,93.14,-,-
Ardbeg 1974 CA  Authentic Collection,20,55.2 % Vol.,750 ml,1994,-,-,-,-
Ardbeg 1974 CA  Authentic Collection,20,51.2 % Vol.,700 ml,1994,-,93.00,-,-
Ardbeg 1974 CA  Authentic Collection - 150th Anniversary Bottling,18,55.0 % Vol.,750 ml,1993,-,92.88,-,-
Ardbeg 1974 CA  Authentic Collection - 150th Anniversary Bottling,18,56.8 % Vol.,700 ml,1992,-,92.76,-,-
Ardbeg 1974 CA  Authentic Collection - 150th Anniversary Bottling,18,54.9 % Vol.,750 ml,1992,-,92.52,-,-
Ardbeg 1974 CA  Dumpy Bottle,15,46.0 % Vol.,750 ml,1990,-,95.00,-,-
Ardbeg 1974 CA  Authentic Collection - 150th Anniversary Bottling,17,57.0 % Vol.,700 ml,1992,-,92.65,1,-
Ardbeg 1974 CA  Authentic Collection,18,57.6 % Vol.,700 ml,1992,-,93.00,-,-
Ardbeg 1975 CA  Dumpy Bottle,15,46.0 % Vol.,750 ml,1990,-,91.37,1,-
Ardbeg 1975 CA  Authentic Collection,18,56.8 % Vol.,700 ml,1993,-,91.68,-,-
Ardbeg 1975 CA  Authentic Collection,19,58.1 % Vol.,700 ml,1994,-,83.29,-,-
Ardbeg 1975 CA  Original Collection,20,44.3 % Vol.,700 ml,1995,-,-,-,-
Ardbeg 1975 CA  Authentic Collection,20,52.2 % Vol.,700 ml,1995,-,-,-,-
Ardbeg 1975 CA  Distillery Label,-,59.2 % Vol.,700 ml,-,1398,-,-,-
Ardbeg 1975 CA  Authentic Collection - 150th Anniversary Bottling,17,56.3 % Vol.,700 ml,1992,-,92.40,-,-
Ardbeg 1975 CA  Distillery Label,-,56.3 % Vol.,700 ml,-,77/74-1,92.50,-,-
Ardbeg 1975 CA  Authentic Collection,20,51.8 % Vol.,700 ml,1995,-,92.00,-,-
Ardbeg 1975 CA  Authentic Collection,18,56.0 % Vol.,700 ml,1993,-,92.75,-,-
Ardbeg 1975 CA  Distillery Label,-,57.6 % Vol.,700 ml,-,1382,92.75,-,-
Ardbeg 1975 CA  Authentic Collection,18,58.1 % Vol.,700 ml,1993,-,-,-,-
Ardbeg 1975 CA  Authentic Collection,20,51.0 % Vol.,700 ml,1995,-,92.75,-,-
Ardbeg 1975 CA  Authentic Collection,21,47.0 % Vol.,700 ml,1996,-,92.05,-,-
Ardbeg 1975 CA  Distillery Label,-,55.8 % Vol.,700 ml,-,77/74-2,-,-,-
Ardbeg 1975 CA  Authentic Collection,19,49.7 % Vol.,750 ml,1995,-,91.58,-,-
Ardbeg 1975 CA  Dumpy Bottle,16,56.7 % Vol.,750 ml,1991,-,92.40,-,-
Ardbeg 1975 CA  Authentic Collection,21,48.9 % Vol.,700 ml,1996,-,92.00,-,-
Ardbeg 1975 CA  Authentic Collection,19,47.3 % Vol.,700 ml,1995,-,92.94,-,-
Ardbeg 1975 CA  Authentic Collection,21,50.1 % Vol.,700 ml,1996,-,96.00,-,-
Ardbeg 1975 CA  Authentic Collection - 150th Anniversary Bottling,17,57.0 % Vol.,700 ml,1992,-,-,-,-
Ardbeg 1976 CA,17,49.8 % Vol.,700 ml,1993,925,93.00,-,-
Ardbeg 1976 CA  Authentic Collection,17,54.6 % Vol.,700 ml,1993,-,91.20,1,-
Ardbeg 1978 CA  Authentic Collection,19,51.4 % Vol.,700 ml,1997,-,90.86,-,-
Ardbeg 1978 CA  Distillery Label,-,57.2 % Vol.,700 ml,-,4830,91.25,-,-
Ardbeg 1978 CA  Distillery Label,-,53.1 % Vol.,700 ml,-,4826,91.25,-,-
Ardbeg 1978 CA  Distillery Label,-,58.0 % Vol.,700 ml,-,4825,-,-,-
Ardbeg 1978 CA  Distillery Label,-,54.9 % Vol.,700 ml,-,4829,90.43,-,-
Ardbeg 1978 CA  Authentic Collection,13,57.8 % Vol.,700 ml,1992,-,88.00,-,-
Ardbeg 1991 CA  Bond Reserve,10,60.3 % Vol.,700 ml,2001,-,86.80,-,-
Ardbeg 1991 CA  Authentic Collection,17,54.5 % Vol.,700 ml,2008,665,89.57,-,-
Ardbeg 1991 CA  Authentic Collection,21,52.6 % Vol.,700 ml,2012,-,89.92,-,-
Ardbeg 1991 CA  Authentic Collection,17,56.3 % Vol.,700 ml,2008,-,87.89,-,-
Ardbeg 1991 CA  Authentic Collection,21,44.7 % Vol.,700 ml,2012,-,87.85,-,-
Ardbeg 1991 CA  Bond Reserve,11,62.2 % Vol.,700 ml,2002,-,88.64,-,-
Ardbeg 1993 CA  Bond Reserve,15,57.0 % Vol.,700 ml,2008,-,89.67,-,-
Ardbeg 1993 CA  Authentic Collection,24,54.6 % Vol.,700 ml,2018,-,90.00,-,-
Ardbeg 1993 CA  175th Anniversary,23,52.4 % Vol.,700 ml,2017,-,90.67,-,-
Ardbeg 1993 CA  Authentic Collection,10,58.8 % Vol.,700 ml,2004,-,89.75,-,-
Ardbeg 1993 CA  Authentic Collection,10,59.8 % Vol.,700 ml,2004,-,87.67,-,-
Ardbeg 1993 CA  Authentic Collection,20,55.9 % Vol.,700 ml,2014,-,89.63,-,-
Ardbeg 1993 CA  Single Cask,22,55.3 % Vol.,700 ml,2016,-,90.27,-,-
Ardbeg 1993 CA  Authentic Collection,23,47.7 % Vol.,700 ml,2016,-,88.94,-,-
Ardbeg 1993 CA  Authentic Collection,26,53.7 % Vol.,700 ml,2020,-,90.81,-,-
Ardbeg 1993 CA  Authentic Collection,10,58.6 % Vol.,700 ml,2004,-,87.67,-,-
Ardbeg 1993 CA  Authentic Collection,11,57.4 % Vol.,700 ml,2005,-,88.63,-,-
Ardbeg 1993 CA  Authentic Collection,25,51.6 % Vol.,700 ml,2019,-,90.25,-,-
Ardbeg 1993 CA  Original Collection,14,46.0 % Vol.,700 ml,2008,-,85.90,-,-
Ardbeg 1993 CA  Authentic Collection,21,53.2 % Vol.,700 ml,2015,-,87.41,-,-
Ardbeg 1993 CA  Authentic Collection,12,59.3 % Vol.,700 ml,2006,-,89.00,-,-
Ardbeg 1993 CA  Original Collection,14,46.0 % Vol.,700 ml,2008,-,87.43,-,-
Ardbeg 1993 CA  Authentic Collection,11,59.5 % Vol.,700 ml,2005,-,84.00,-,-
Ardbeg 1993 CA  Authentic Collection,19,57.9 % Vol.,700 ml,2013,-,88.83,-,-
Ardbeg 1993 CA  Authentic Collection,10,57.3 % Vol.,700 ml,2004,-,86.33,-,-
Ardbeg 1993 CA  Authentic Collection,12,58.2 % Vol.,700 ml,2006,-,88.00,-,-
Ardbeg 1993 CA  Authentic Collection,13,61.1 % Vol.,700 ml,2006,-,89.13,-,-
Ardbeg 1994 CA  Original Collection,12,46.0 % Vol.,700 ml,2006,-,84.60,-,-
Ardbeg 1994 CA  Authentic Collection,13,58.0 % Vol.,700 ml,2007,-,86.75,-,-
Ardbeg 1994 CA  Authentic Collection,15,56.0 % Vol.,700 ml,2010,1060,88.27,-,-
Ardbeg 1994 CA  Authentic Collection,13,59.7 % Vol.,700 ml,2007,-,88.85,-,-
Ardbeg 1994 CA  Authentic Collection,16,55.6 % Vol.,700 ml,2010,-,87.00,1,-
Ardbeg 1994 CA  Original Collection,12,46.0 % Vol.,700 ml,2006,-,85.20,-,-
Ardbeg 1994 CA  Authentic Collection,16,57.0 % Vol.,700 ml,2010,-,87.23,-,-
Ardbeg 1994 CA  Authentic Collection,13,58.4 % Vol.,700 ml,2007,-,86.00,-,-
Ardbeg 1994 CA  Original Collection,11,46.0 % Vol.,700 ml,2005,-,83.00,-,-
Ardbeg 1994 CA  Authentic Collection,17,55.7 % Vol.,700 ml,2011,-,89.24,-,-
Ardbeg 1994 CA  Authentic Collection,15,58.1 % Vol.,700 ml,2009,1056,89.35,-,-
Ardbeg 1994 CA  Authentic Collection,14,58.3 % Vol.,700 ml,2008,-,87.50,-,-
Ardbeg 1994 CA  Original Collection,11,46.0 % Vol.,700 ml,2005,-,86.00,-,-
Ardbeg 1994 CA  Authentic Collection,17,56.8 % Vol.,700 ml,2011,-,86.00,-,-
Ardbeg 1994 CA  Authentic Collection,15,57.3 % Vol.,700 ml,2009,1057,89.28,-,-
Ardbeg 1994 CA  Authentic Collection,15,55.7 % Vol.,700 ml,2010,1058,87.40,-,-
Ardbeg 21-year-old CA  Original Collection,21,43.6 % Vol.,700 ml,-,-,-,-,-
-, , , , , , , , 
Ardbeg ARDbeg,-,56.2 % Vol.,500 ml,2017,-,85.25,-,-
Ardbeg ARDbeg,-,56.4 % Vol.,500 ml,2015,-,85.00,1,-
-, , , , , , , , 
Ardbeg 2000 CWC  The Exclusive Malts,07,55.7 % Vol.,700 ml,2007,107,84.67,-,-
-, , , , , , , , 
Ardbeg 1991 D&M  Connoisseurs' Club,09,53.3 % Vol.,750 ml,2000,-,73.33,-,-
-, , , , , , , , 
Ardbeg 1998 DD  The Nectar of the Daily Drams,12,55.4 % Vol.,700 ml,2011,-,88.96,-,-
Ardbeg 2000 DD  Still Very Young Islay Single Malt,-,59.1 % Vol.,700 ml,2007,-,-,-,-
Ardbeg 2000 DD  Still Very Young Islay Single Malt,-,62.6 % Vol.,700 ml,2007,-,86.30,-,-
-, , , , , , , , 
Ardbeg 10-year-old DL  The Old Malt Cask - Miniature,10,50.0 % Vol.,50 ml,-,-,-,-,-
Ardbeg 1967 DL  Old Malt Cask,32,49.0 % Vol.,700 ml,2000,-,93.23,-,-
Ardbeg 1967 DL  Old Malt Cask,32,43.1 % Vol.,700 ml,1999,-,93.06,-,-
Ardbeg 1967 DL  Old Malt Cask,32,47.5 % Vol.,700 ml,1999,-,93.10,-,-
Ardbeg 1967 DL  Old Malt Cask,32,49.0 % Vol.,700 ml,2000,-,92.61,-,-
Ardbeg 1972 DL  Old Malt Cask,29,50.0 % Vol.,700 ml,2001,-,91.90,-,-
Ardbeg 1972 DL  Old Malt Cask,27,50.0 % Vol.,700 ml,2000,-,93.24,-,-
Ardbeg 1972 DL  Old Malt Cask,27,50.0 % Vol.,750 ml,2000,-,92.88,-,-
Ardbeg 1972 DL  Old Malt Cask,28,50.1 % Vol.,700 ml,2000,-,93.22,-,-
Ardbeg 1972 DL  Old Malt Cask,28,48.8 % Vol.,700 ml,2001,-,92.87,-,-
Ardbeg 1972 DL  Old Malt Cask,28,50.0 % Vol.,700 ml,2001,-,92.73,-,-
Ardbeg 1972 DL  Old Malt Cask,28,49.5 % Vol.,700 ml,2001,-,93.49,-,-
Ardbeg 1972 DL  Old Malt Cask,28,50.0 % Vol.,700 ml,2000,DL 913,92.69,-,-
Ardbeg 1972 DL  Old Malt Cask,29,50.0 % Vol.,700 ml,2001,-,92.70,-,-
Ardbeg 1972 DL  Old & Rare - The Platinum Selection,29,50.4 % Vol.,700 ml,2002,-,92.88,-,-
Ardbeg 1972 DL  Old Malt Cask,28,49.5 % Vol.,700 ml,2000,-,93.02,-,-
Ardbeg 1972 DL The Ardbeggeddon  Old Malt Cask,29,48.4 % Vol.,750 ml,2001,-,93.78,-,-
Ardbeg 1973 DL  The Old Malt Cask,27,50.0 % Vol.,700 ml,2000,L 2919,92.51,-,-
Ardbeg 1973 DL  Old Malt Cask,27,50.0 % Vol.,700 ml,2000,-,92.68,-,-
Ardbeg 1973 DL  Old & Rare - The Platinum Selection,29,51.4 % Vol.,700 ml,2002,-,92.41,-,-
Ardbeg 1973 DL  Old Malt Cask,27,50.0 % Vol.,700 ml,2000,-,92.31,-,-
Ardbeg 1973 DL  Old Malt Cask,27,50.0 % Vol.,700 ml,2000,-,92.53,-,-
Ardbeg 1973 DL  Old & Rare - The Platinum Selection,36,43.5 % Vol.,700 ml,2009,-,-,-,-
Ardbeg 1973 DL  Old Malt Cask - 60th Anniversary,36,43.5 % Vol.,700 ml,2009,-,92.30,-,-
Ardbeg 1973 DL  Old & Rare - The Platinum Selection,30,51.9 % Vol.,700 ml,2003,-,92.80,-,-
Ardbeg 1973 DL  Old & Rare - The Platinum Selection,30,48.9 % Vol.,700 ml,2003,-,92.94,-,-
Ardbeg 1973 DL  Old & Rare - The Platinum Selection,36,44.7 % Vol.,700 ml,2009,-,92.83,-,-
Ardbeg 1974 DL  Old & Rare - The Platinum Selection,27,52.3 % Vol.,700 ml,2001,-,92.68,-,-
Ardbeg 1974 DL  Old Malt Cask,26,50.0 % Vol.,700 ml,2001,-,92.46,-,-
Ardbeg 1974 DL  Old Malt Cask,28,50.0 % Vol.,700 ml,2003,-,92.64,-,-
Ardbeg 1975 DL  Old Malt Cask,25,50.0 % Vol.,700 ml,2000,-,93.18,-,-
Ardbeg 1975 DL  Old Malt Cask,24,50.0 % Vol.,700 ml,2000,-,92.16,-,-
Ardbeg 1975 DL  Old Malt Cask,24,50.0 % Vol.,700 ml,2000,-,91.70,-,-
Ardbeg 1975 DL  Platinum Selection - clear glass bottle,29,47.3 % Vol.,700 ml,2004,-,92.42,-,-
Ardbeg 1975 DL  Old Malt Cask,27,50.0 % Vol.,750 ml,2002,-,92.48,-,-
Ardbeg 1975 DL  Old & Rare - The Platinum Selection,30,46.1 % Vol.,700 ml,2006,-,91.49,-,-
Ardbeg 1975 DL  Old & Rare - The Platinum Selection,29,47.3 % Vol.,700 ml,2004,-,92.27,-,-
Ardbeg 1975 DL  Old & Rare - The Platinum Selection,29,58.3 % Vol.,700 ml,2004,-,92.06,-,-
Ardbeg 1975 DL  Old Malt Cask,27,50.0 % Vol.,700 ml,2002,-,92.49,-,-
Ardbeg 1975 DL  Old Malt Cask,25,50.0 % Vol.,750 ml,2001,-,92.35,-,-
Ardbeg 1975 DL  Old & Rare - The Platinum Selection,30,47.8 % Vol.,700 ml,2005,-,91.00,-,-
Ardbeg 1975 DL  Old Malt Cask,27,50.0 % Vol.,700 ml,2002,-,91.22,-,-
Ardbeg 1975 DL  Old Malt Cask,25,50.0 % Vol.,700 ml,2001,-,87.36,-,-
Ardbeg 1975 DL  Old Malt Cask,24,50.0 % Vol.,700 ml,2000,-,88.71,-,-
Ardbeg 1976 DL  Old Malt Cask,24,50.0 % Vol.,700 ml,2000,-,92.03,-,-
Ardbeg 1990 DL  Old Malt Cask,10,50.0 % Vol.,700 ml,2000,-,85.79,-,-
Ardbeg 1990 DL  Old Malt Cask,10,50.0 % Vol.,700 ml,2000,-,85.18,-,-
Ardbeg 1990 DL  Old Malt Cask,10,50.0 % Vol.,700 ml,2000,-,88.00,-,-
Ardbeg 1990 DL  Old Malt Cask,10,58.0 % Vol.,700 ml,2001,-,89.00,-,-
Ardbeg 1990 DL  Old Malt Cask,10,50.0 % Vol.,700 ml,2001,-,87.29,-,-
Ardbeg 1990 DL  Old Malt Cask,09,50.0 % Vol.,700 ml,2000,-,-,-,-
Ardbeg 1990 DL  The Old Malt Cask,12,54.8 % Vol.,700 ml,2002,-,87.71,-,-
Ardbeg 1990 DL  Old Malt Cask,11,50.0 % Vol.,700 ml,2001,-,83.67,-,-
Ardbeg 1991 DL  Directors' Cut,23,53.1 % Vol.,700 ml,2014,DL 10274,90.25,-,-
Ardbeg 1991 DL  Old Malt Cask,15,50.0 % Vol.,700 ml,2006,DL 2681,86.00,-,-
Ardbeg 1991 DL  Old Malt Cask,15,50.0 % Vol.,700 ml,2006,DL 2534,88.00,-,-
Ardbeg 1991 DL  Old & Rare - The Platinum Selection,20,54.4 % Vol.,700 ml,2012,-,85.50,-,-
Ardbeg 1991 DL  Old Malt Cask,16,50.0 % Vol.,700 ml,2007,DL 3719,89.00,-,-
Ardbeg 1991 DL  Old Malt Cask,18,50.0 % Vol.,700 ml,2009,DL 5449,88.75,-,-
Ardbeg 1991 DL  The Old Malt Cask,15,50.9 % Vol.,700 ml,2006,DL 3016,87.00,-,-
Ardbeg 1991 DL  Old Malt Cask,15,50.0 % Vol.,700 ml,2006,DL 2853,85.33,-,-
Ardbeg 1991 DL  Old Malt Cask,18,50.0 % Vol.,700 ml,2009,DL 5440,90.14,-,-
Ardbeg 1991 DL  Old Malt Cask,17,50.0 % Vol.,700 ml,2008,DL 4557,90.30,-,-
Ardbeg 1991 DL  Old & Rare - The Platinum Selection,19,53.1 % Vol.,700 ml,2010,-,89.50,-,-
Ardbeg 1991 DL  Old Malt Cask,14,50.0 % Vol.,700 ml,2005,DL 2252,87.95,-,-
Ardbeg 1991 DL  Old Malt Cask,17,50.0 % Vol.,700 ml,2008,DL 4537,88.20,-,-
Ardbeg 1991 DL  Old & Rare - The Platinum Selection,19,52.1 % Vol.,700 ml,2010,-,86.87,-,-
Ardbeg 1991 DL  Old Malt Cask,18,56.1 % Vol.,700 ml,2009,DL 5440,90.71,-,-
Ardbeg 1991 DL  Old Malt Cask,15,50.0 % Vol.,700 ml,2006,DL 3060,88.00,-,-
Ardbeg 1991 DL  Old Malt Cask,15,50.0 % Vol.,700 ml,2007,DL 3253,90.00,-,-
Ardbeg 1991 DL  Old Malt Cask,18,50.0 % Vol.,700 ml,2009,DL 5120,90.15,-,-
Ardbeg 1991 DL  Platinum Selection,20,54.5 % Vol.,700 ml,2011,-,90.00,-,-
Ardbeg 1991 DL  Old Malt Cask,15,50.0 % Vol.,700 ml,2006,DL 3059,87.43,-,-
Ardbeg 1991 DL  XOP - Xtra Old Particular,25,48.2 % Vol.,700 ml,2016,DL 11179,90.25,-,-
Ardbeg 1991 DL  Old & Rare - The Platinum Selection,20,48.3 % Vol.,700 ml,2011,-,88.25,-,-
Ardbeg 1991 DL  The Old Malt Cask,13,50.0 % Vol.,700 ml,2004,DL 1565,86.60,-,-
Ardbeg 1991 DL  Old Malt Cask,14,50.0 % Vol.,700 ml,2005,DL 1297,87.67,-,-
Ardbeg 1991 DL  Old Malt Cask,16,50.0 % Vol.,700 ml,2007,DL 3883,86.57,-,-
Ardbeg 1991 DL  Old Malt Cask,16,50.0 % Vol.,700 ml,2007,DL 3893,88.71,-,-
Ardbeg 1992 DL  Old Malt Cask,12,50.0 % Vol.,750 ml,2004,DL 1560,87.67,-,-
Ardbeg 1992 DL  XOP - Xtra Old Particular Platinum,25,50.5 % Vol.,700 ml,2018,DL 12290,91.95,-,-
Ardbeg 1992 DL  Old Malt Cask,10,50.0 % Vol.,700 ml,2003,-,-,-,-
Ardbeg 1992 DL  Old Particular,21,48.6 % Vol.,700 ml,2013,DL 10065,88.79,-,-
Ardbeg 1992 DL  Old Malt Cask for Park Avenue Liquor Shop,12,50.0 % Vol.,750 ml,2004,-,86.81,-,-
Ardbeg 1992 DL  Old Malt Cask,10,50.0 % Vol.,700 ml,2003,-,87.60,-,-
Ardbeg 1993 DL  Old Malt Cask,10,50.0 % Vol.,700 ml,2004,DL 1313,87.86,-,-
Ardbeg 1993 DL  Old Malt Cask,10,50.0 % Vol.,700 ml,2004,DL 1178,87.00,-,-
Ardbeg 1993 DL  Old Malt Cask,10,50.0 % Vol.,700 ml,2004,DL 1490,-,-,-
Ardbeg 1993 DL  Old Malt Cask,10,50.0 % Vol.,700 ml,2004,DL 1262,87.20,-,-
Ardbeg 1993 DL  Old Malt Cask,10,50.0 % Vol.,700 ml,2003,DL 607,87.14,-,-
Ardbeg 1993 DL  Old Malt Cask,10,50.0 % Vol.,700 ml,2004,DL 1489,89.83,-,-
Ardbeg 1993 DL  Old Malt Cask,10,50.0 % Vol.,700 ml,2004,DL 1109,87.00,-,-
Ardbeg 1993 DL  Advance Sample for the Old Malt Cask,10,50.0 % Vol.,200 ml,2004,DL 1262,-,-,-
Ardbeg 1993 DL  Old Malt Cask,10,50.0 % Vol.,700 ml,2004,DL 1248,81.50,-,-
Ardbeg 1993 DL  Advance Sample for the Old Malt Cask,10,50.0 % Vol.,200 ml,2004,DL 1178,91.67,-,-
Ardbeg 1993 DL  Old Malt Cask,10,50.0 % Vol.,700 ml,2003,DL 808,-,-,-
Ardbeg 1993 DL  Old Malt Cask,10,50.0 % Vol.,700 ml,2004,DL 1110,86.75,-,-
Ardbeg 1994 DL  Old Malt Cask,10,50.0 % Vol.,700 ml,2005,DL 1233,88.00,-,-
Ardbeg 1995 DL  Old Malt Cask,10,50.0 % Vol.,700 ml,2006,DL 2304,87.93,-,-
Ardbeg 1996 DL  The Old Malt Cask,10,50.0 % Vol.,700 ml,2007,DL 3254,88.50,-,-
Ardbeg 1996 DL  The Old Malt Cask,10,50.0 % Vol.,700 ml,2006,DL 3058,86.79,1,-
Ardbeg 24-year-old DL  The Old Malt Cask - Miniature,24,50.0 % Vol.,50 ml,-,-,90.50,-,-
-, , , , , , , , 
Ardbeg 1990 McG  McGibbon's Provenance,09,43.0 % Vol.,700 ml,2000,-,86.00,-,-
Ardbeg 1990 McG  McGibbon's Provenance,09,43.0 % Vol.,700 ml,2000,-,86.57,-,-
Ardbeg 1990 McG  McGibbon's Provenance,10,43.0 % Vol.,700 ml,2000,-,88.14,-,-
-, , , , , , , , 
Ardbeg 1976 DoD  for The Scotch Single Malt Circle,25,55.5 % Vol.,700 ml,2001,237/48,92.31,-,-
Ardbeg 1991 DoD,20,54.5 % Vol.,700 ml,2011,LD 7930,91.00,-,-
Ardbeg 1992 DoD,10,45.0 % Vol.,700 ml,-,-,81.67,-,-
-, , , , , , , , 
Ardbeg 15-year-old Dd,15,52.8 % Vol.,700 ml,-,428,87.77,-,-
-, , , , , , , , 
Ardbeg 1972 DE,18,58.9 % Vol.,750 ml,1991,3444,92.90,-,-
Ardbeg 1973 DE,15,46.0 % Vol.,750 ml,1989,4902,90.82,-,-
Ardbeg 1973 DE,17,55.4 % Vol.,750 ml,1991,3933,92.65,-,-
Ardbeg 1974 DE,19,43.0 % Vol.,700 ml,1994,4396,92.29,-,-
Ardbeg 1974 DE,-,50.8 % Vol.,700 ml,1998,1037,92.64,-,-
Ardbeg 1974 DE,-,43.0 % Vol.,700 ml,1992,2026 - 2030,-,-,-
-, , , , , , , , 
Ardbeg 1993 DT  Rare Auld,15,58.9 % Vol.,700 ml,2009,1724,87.77,-,-
Ardbeg 1994 DT  The Duncan Taylor Single,19,53.0 % Vol.,700 ml,2014,347602,89.56,1,-
Ardbeg 1994 DT  The Duncan Taylor Single,21,51.9 % Vol.,700 ml,2015,347624,-,-,-
Ardbeg 1994 DT  The Duncan Taylor Single,20,53.0 % Vol.,700 ml,2014,347613,88.92,-,-
-, , , , , , , , 
Ardbeg 1993 ED  The First Editions - Authors' Series,21,56.4 % Vol.,700 ml,2015,HL 11206,87.00,-,-
-, , , , , , , , 
Ardbeg 2001 ElD  The Whisky Trail - Eagles,-,48.8 % Vol.,700 ml,2019,12201,89.17,-,-
Ardbeg 25-year-old ElD  The Single Malts of Scotland - Director's Special,25,55.5 % Vol.,700 ml,2019,-,91.28,-,-
Ardbeg Ar10 ElD  Elements of Islay,-,52.4 % Vol.,500 ml,2018,-,90.28,-,-
Ardbeg Ar11 ElD  Elements of Islay,19,56.8 % Vol.,500 ml,2019,-,90.10,-,-
Ardbeg Ar8 ElD  Elements of Islay,-,54.3 % Vol.,500 ml,2017,-,87.88,-,-
Ardbeg Ar9 ElD  Elements of Islay,-,51.6 % Vol.,500 ml,2017,-,90.12,-,-
-, , , , , , , , 
Ardbeg 1993 FR  Romantic Rhine Collection - Edition Schloss Drachenburg,10,50.0 % Vol.,700 ml,2004,1489,87.00,-,-
-, , , , , , , , 
Ardbeg 1974 FC,19,46.0 % Vol.,700 ml,-,4382,92.33,-,-
Ardbeg 1974 FC  for The Sunday Times Wine Club,19,46.0 % Vol.,700 ml,-,4380,91.80,-,-
Ardbeg 1974 FC,19,46.0 % Vol.,700 ml,-,4381,91.68,-,-
-, , , , , , , , 
Ardbeg 1990 GlMo  A Rare Find,24,52.9 % Vol.,700 ml,2014,-,88.00,-,-
Ardbeg 2003 GlMo  A Rare Find,12,53.7 % Vol.,700 ml,2015,-,87.00,-,-
Ardbeg 2003 GlMo  A Rare Find,12,59.7 % Vol.,700 ml,2015,-,87.17,-,-
Ardbeg 2003 GlMo  A Rare Find,12,52.7 % Vol.,700 ml,2015,-,86.00,-,-
Ardbeg 2003 GlMo  A Rare Find,12,57.8 % Vol.,700 ml,2015,-,88.00,-,-
-, , , , , , , , 
Ardbeg 1967 Gs,32,47.5 % Vol.,700 ml,1999,-,91.33,-,-
Ardbeg 1967 Gs,32,43.1 % Vol.,700 ml,1999,-,91.32,-,-
Ardbeg 1990 Gs,09,46.0 % Vol.,700 ml,1999,2649,84.25,-,-
-, , , , , , , , 
Ardbeg 13-year-old GM,13,-,750 ml,1980,-,89.00,-,-
Ardbeg 1958 GM  Connoisseurs Choice,18,40.0 % Vol.,750 ml,-,-,91.08,-,-
Ardbeg 1963 GM  Sestante Import,30,40.0 % Vol.,700 ml,-,-,92.38,-,-
Ardbeg 1963 GM  Connoisseurs Choice,30,40.0 % Vol.,750 ml,1994,-,90.74,-,-
Ardbeg 1963 GM  Connoisseurs Choice,-,40.0 % Vol.,700 ml,1994,-,92.65,-,-
Ardbeg 1964 GM  Connoisseurs Choice,-,40.0 % Vol.,700 ml,1995,-,91.95,1,-
Ardbeg 1964 GM  Connoisseurs Choice,-,40.0 % Vol.,700 ml,1996,-,92.00,-,-
Ardbeg 1965 GM  Connoisseurs Choice,17,40.0 % Vol.,750 ml,-,-,91.00,-,-
Ardbeg 1965 GM  Connoisseurs Choice,14,40.0 % Vol.,750 ml,-,-,90.00,-,-
Ardbeg 1965 GM  Connoisseurs Choice,15,40.0 % Vol.,750 ml,-,-,90.65,-,-
Ardbeg 1965 GM  Connoisseurs Choice,18,40.0 % Vol.,750 ml,-,-,-,-,-
Ardbeg 1965 GM  Connoisseurs Choice,16,40.0 % Vol.,750 ml,-,-,-,-,-
Ardbeg 1967 GM  Connoisseurs Choice,16,40.0 % Vol.,750 ml,-,-,92.25,-,-
Ardbeg 1969 GM  The Van Gogh Collection,24,40.0 % Vol.,700 ml,1993,-,92.03,-,-
Ardbeg 1969 GM  Connoisseurs Choice,10,40.0 % Vol.,750 ml,-,-,94.00,-,-
Ardbeg 1972 GM  Connoisseurs Choice,13,40.0 % Vol.,750 ml,-,-,-,-,-
Ardbeg 1972 GM  Sestante Import,13,43.0 % Vol.,750 ml,-,-,92.00,-,-
Ardbeg 1972 GM  Connoisseurs Choice,14,40.0 % Vol.,750 ml,-,-,95.00,-,-
Ardbeg 1972 GM  Connoisseurs Choice,13,40.0 % Vol.,750 ml,-,-,92.78,-,-
Ardbeg 1972 GM  Connoisseurs Choice,12,40.0 % Vol.,750 ml,-,-,-,-,-
Ardbeg 1973 GM  Connoisseurs Choice,14,40.0 % Vol.,750 ml,-,-,92.00,1,-
Ardbeg 1973 GM  Private Stock,14,53.4 % Vol.,750 ml,1987,-,93.50,-,-
Ardbeg 1973 GM  Connoisseurs Choice,-,40.0 % Vol.,700 ml,2003,-,90.60,-,-
Ardbeg 1974 GM  Spirit of Scotland - Celebrating 500 years of Scotch Whisky,20,40.0 % Vol.,700 ml,1994,-,90.54,-,-
Ardbeg 1974 GM  Connoisseurs Choice,20,40.0 % Vol.,750 ml,1995,-,-,-,-
Ardbeg 1974 GM  Connoisseurs Choice,-,40.0 % Vol.,700 ml,1995,-,90.47,1,-
Ardbeg 1974 GM  Connoisseurs Choice,28,43.0 % Vol.,750 ml,2003,-,90.90,-,-
Ardbeg 1974 GM  Connoisseurs Choice - Miniature,-,40.0 % Vol.,50 ml,-,-,89.75,-,-
Ardbeg 1974 GM  Connoisseurs Choice,-,43.0 % Vol.,700 ml,2003,-,91.49,-,-
Ardbeg 1974 GM  Connoisseurs Choice,-,40.0 % Vol.,700 ml,1997,-,90.81,1,-
Ardbeg 1974 GM  Connoisseurs Choice,-,40.0 % Vol.,700 ml,1997,-,88.40,-,-
Ardbeg 1974 GM  Connoisseurs Choice,13,40.0 % Vol.,750 ml,-,-,87.67,-,-
Ardbeg 1974 GM  Meregalli Giuseppe s.r.l.,-,40.0 % Vol.,700 ml,1995,-,-,-,-
Ardbeg 1974 GM,19,40.0 % Vol.,700 ml,1993,-,88.38,-,-
Ardbeg 1974 GM  Connoisseurs Choice,-,40.0 % Vol.,700 ml,1993,-,90.70,1,-
Ardbeg 1974 GM  Connoisseurs Choice,-,40.0 % Vol.,700 ml,1994,-,89.67,-,-
Ardbeg 1974 GM  Sestante Import,18,63.3 % Vol.,700 ml,-,-,91.50,-,-
Ardbeg 1974 GM  Meregalli Import,-,40.0 % Vol.,700 ml,1996,-,91.50,-,-
Ardbeg 1974 GM  Meregalli Import,-,40.0 % Vol.,700 ml,1993,-,75.00,-,-
Ardbeg 1974 GM  Spirit of Scotland,-,40.0 % Vol.,700 ml,1996,-,90.57,-,-
Ardbeg 1974 GM  Connoisseurs Choice,-,40.0 % Vol.,700 ml,1992,-,91.67,-,-
Ardbeg 1974 GM  Crest Label - Sestante Import,21,40.0 % Vol.,700 ml,-,-,92.63,-,-
Ardbeg 1974 GM  Spirit of Scotland,17,40.0 % Vol.,700 ml,-,-,82.25,-,-
Ardbeg 1974 GM  Meregalli Import,-,40.0 % Vol.,700 ml,1992,-,-,-,-
Ardbeg 1974 GM  Connoisseurs Choice,20,40.0 % Vol.,750 ml,1996,-,-,-,-
Ardbeg 1974 GM  Mellow Matured,22,40.0 % Vol.,700 ml,1996,-,90.08,-,-
Ardbeg 1974 GM  Speymalt,22,40.0 % Vol.,700 ml,-,-,92.47,-,-
Ardbeg 1974 GM  Connoisseurs Choice,-,40.0 % Vol.,700 ml,1991,-,90.75,-,-
Ardbeg 1974 GM  The Van Gogh Collection,19,40.0 % Vol.,700 ml,1993,-,92.00,-,-
Ardbeg 1974 GM  Connoisseurs Choice - Miniature,-,40.0 % Vol.,50 ml,-,-,91.00,-,-
Ardbeg 1974 GM  Meregalli Import,-,40.0 % Vol.,700 ml,1997,-,-,-,-
Ardbeg 1974 GM  Connoisseurs Choice,-,40.0 % Vol.,700 ml,1996,-,90.06,1,-
Ardbeg 1975 GM  Connoisseurs Choice,12,40.0 % Vol.,750 ml,-,-,88.81,-,-
Ardbeg 1975 GM  Spirit of Scotland,-,40.0 % Vol.,700 ml,1997,-,91.30,-,-
Ardbeg 1975 GM  Meregalli Import,-,40.0 % Vol.,700 ml,1997,-,90.28,-,-
Ardbeg 1975 GM  Connoisseurs Choice,22,40.0 % Vol.,750 ml,1998,-,89.00,-,-
Ardbeg 1975 GM,-,40.0 % Vol.,750 ml,1988,-,91.00,-,-
Ardbeg 1975 GM  Meregalli Import,-,40.0 % Vol.,700 ml,1998,-,90.43,-,-
Ardbeg 1975 GM  Connoisseurs Choice,-,43.0 % Vol.,700 ml,2003,-,90.03,-,-
Ardbeg 1975 GM  Connoisseurs Choice,15,40.0 % Vol.,750 ml,-,-,90.00,-,-
Ardbeg 1975 GM  Special Selection,13,54.2 % Vol.,750 ml,1988,-,93.08,-,-
Ardbeg 1975 GM  Spirit of Scotland,-,43.0 % Vol.,700 ml,1999,-,-,-,-
Ardbeg 1975 GM  Spirit of Scotland,-,40.0 % Vol.,700 ml,1998,-,91.43,-,-
Ardbeg 1975 GM  Connoisseurs Choice - Miniature,-,40.0 % Vol.,50 ml,-,-,90.00,-,-
Ardbeg 1975 GM  Meregalli Import,-,40.0 % Vol.,750 ml,1989,-,90.33,-,-
Ardbeg 1975 GM  Connoisseurs Choice,-,40.0 % Vol.,700 ml,1998,-,88.40,1,-
Ardbeg 1975 GM  Connoisseurs Choice,-,40.0 % Vol.,700 ml,1997,-,89.18,2,-
Ardbeg 1975 GM  Special Selection,13,54.8 % Vol.,750 ml,1989,-,92.96,-,-
Ardbeg 1976 GM  Connoisseurs Choice,-,40.0 % Vol.,700 ml,1999,-,89.98,1,-
Ardbeg 1976 GM  Meregalli Import,-,40.0 % Vol.,700 ml,1999,-,91.56,-,-
Ardbeg 1976 GM  Connoisseurs Choice,-,40.0 % Vol.,750 ml,1990,-,86.25,1,-
Ardbeg 1976 GM  Connoisseurs Choice,27,43.0 % Vol.,700 ml,2004,-,91.69,-,-
Ardbeg 1976 GM  Spirit of Scotland,-,40.0 % Vol.,700 ml,1999,-,88.16,-,-
Ardbeg 1978 GM,-,40.0 % Vol.,750 ml,1990,-,87.00,-,-
Ardbeg 1978 GM  Spirit of Scotland,-,40.0 % Vol.,700 ml,1999,-,90.00,-,-
Ardbeg 1978 GM  Spirit of Scotland,22,53.0 % Vol.,700 ml,2000,454,89.17,-,-
Ardbeg 1978 GM  Connoisseurs Choice,27,43.0 % Vol.,700 ml,2005,-,87.03,-,-
Ardbeg 1978 GM  Connoisseurs Choice,-,40.0 % Vol.,750 ml,-,-,88.67,-,-
Ardbeg 1978 GM  Connoisseurs Choice,22,40.0 % Vol.,750 ml,2000,-,-,-,-
Ardbeg 1978 GM  Connoisseurs Choice,-,40.0 % Vol.,750 ml,1990,-,-,-,-
Ardbeg 1978 GM  Connoisseurs Choice,-,40.0 % Vol.,700 ml,1999,-,82.83,1,-
Ardbeg 1978 GM  Connoisseurs Choice,-,40.0 % Vol.,700 ml,2000,-,85.08,-,-
Ardbeg 1978 GM  Spirit of Scotland,-,40.0 % Vol.,700 ml,2000,-,91.00,-,-
Ardbeg 1978 GM  Spirit of Scotland,-,52.1 % Vol.,700 ml,2000,443,90.50,-,-
Ardbeg 1978 GM  Spirit of Scotland,22,56.9 % Vol.,700 ml,2000,1999 - 2000,89.00,-,-
Ardbeg 1978 GM  Meregalli Import,-,40.0 % Vol.,700 ml,1999,-,92.00,-,-
Ardbeg 1978 GM  Spirit of Scotland,23,53.9 % Vol.,700 ml,2001,455,89.50,-,-
Ardbeg 1978 GM  Meregalli Import,22,40.0 % Vol.,700 ml,2000,-,88.83,-,-
Ardbeg 1979 GM  Connoisseurs Choice,12,40.0 % Vol.,700 ml,-,-,-,-,-
Ardbeg 1979 GM  Spirit of Scotland,25,59.6 % Vol.,700 ml,2004,9849,-,-,-
Ardbeg 1979 GM  Speymalt Special Reserve,-,40.0 % Vol.,700 ml,-,-,-,-,-
Ardbeg 1979 GM  Spirit of Scotland,25,56.9 % Vol.,750 ml,2005,9852,90.20,-,-
Ardbeg 1979 GM  Meregalli Import,-,40.0 % Vol.,700 ml,1991,-,84.00,-,-
Ardbeg 1979 GM  Spirit of Scotland,25,59.0 % Vol.,700 ml,2005,9851,90.86,-,-
Ardbeg 1979 GM  Spirit of Scotland,-,54.8 % Vol.,750 ml,2005,9850,-,-,-
Ardbeg 1979 GM  Connoisseurs Choice,26,43.0 % Vol.,700 ml,2005,-,88.74,-,-
Ardbeg 1979 GM  Connoisseurs Choice,11,40.0 % Vol.,750 ml,1991,-,85.00,-,-
Ardbeg 1979 GM  Connoisseurs Choice,-,40.0 % Vol.,700 ml,1991,-,93.50,-,-
Ardbeg 1988 GM,10,56.7 % Vol.,700 ml,1999,-,88.83,-,-
Ardbeg 1990 GM  Spirit of Scotland,-,56.4 % Vol.,700 ml,2002,2749,93.00,-,-
Ardbeg 1990 GM,11,55.0 % Vol.,700 ml,2001,-,90.00,-,-
Ardbeg 1990 GM  Spirit of Scotland,10,46.0 % Vol.,700 ml,2001,2755,90.00,-,-
Ardbeg 1990 GM  Spirit of Scotland,-,57.1 % Vol.,700 ml,2001,-,-,-,-
Ardbeg 1990 GM  Spirit of Scotland,-,58.4 % Vol.,700 ml,2001,-,88.80,-,-
Ardbeg 1990 GM  Symposion International AB,-,46.0 % Vol.,700 ml,2003,3133,90.30,-,-
Ardbeg 1990 GM  Connoisseurs Choice,-,40.0 % Vol.,700 ml,2001,-,85.50,1,-
Ardbeg 1990 GM  Connoisseurs Choice,-,40.0 % Vol.,700 ml,2002,-,89.00,-,-
Ardbeg 1990 GM  Spirit of Scotland,-,48.0 % Vol.,700 ml,2001,2765,85.67,-,-
Ardbeg 1990 GM  Spirit of Scotland,-,40.0 % Vol.,700 ml,2002,-,-,-,-
Ardbeg 1990 GM  Spirit of Scotland,-,40.0 % Vol.,700 ml,2001,-,86.33,-,-
Ardbeg 1990 GM  Meregalli Import,-,40.0 % Vol.,700 ml,2002,-,88.50,-,-
Ardbeg 1990 GM  Spirit of Scotland,-,57.9 % Vol.,700 ml,2009,2759,85.67,-,-
Ardbeg 1990 GM  Spirit of Scotland,-,50.0 % Vol.,700 ml,2001,2766,86.33,-,-
Ardbeg 1990 GM  Meregalli Import,-,40.0 % Vol.,700 ml,2001,-,87.75,-,-
Ardbeg 1990 GM  Spirit of Scotland,-,46.0 % Vol.,700 ml,2001,-,84.83,-,-
Ardbeg 1991 GM  Spirit of Scotland,-,50.0 % Vol.,700 ml,2003,2012,89.00,-,-
Ardbeg 1991 GM  Spirit of Scotland,-,55.8 % Vol.,700 ml,2002,1182,-,-,-
Ardbeg 1991 GM  Connoisseurs Choice,-,40.0 % Vol.,700 ml,2003,-,87.13,-,-
Ardbeg 1991 GM  Connoisseurs Choice,11,40.0 % Vol.,750 ml,2003,-,-,-,-
Ardbeg 1991 GM  Spirit of Scotland,-,56.1 % Vol.,700 ml,2002,-,94.00,-,-
Ardbeg 1991 GM  Spirit of Scotland,-,55.4 % Vol.,700 ml,2002,1176,86.33,-,-
Ardbeg 1991 GM  Connoisseurs Choice,-,43.0 % Vol.,700 ml,2005,-,87.26,-,-
Ardbeg 1991 GM  Meregalli Import,-,40.0 % Vol.,700 ml,2003,-,82.00,-,-
Ardbeg 1991 GM  Spirit of Scotland,11,51.0 % Vol.,700 ml,2003,2018,85.82,-,-
Ardbeg 1991 GM  Spirit of Scotland,-,52.5 % Vol.,700 ml,2002,2017,86.00,-,-
Ardbeg 1991 GM  Connoisseurs Choice,-,40.0 % Vol.,700 ml,2002,-,84.20,-,-
Ardbeg 1991 GM,10,40.0 % Vol.,700 ml,2001,-,86.50,-,-
Ardbeg 1991 GM  Meregalli Import,-,40.0 % Vol.,700 ml,2002,-,85.00,-,-
Ardbeg 1991 GM  Spirit of Scotland,11,55.8 % Vol.,700 ml,2002,1174,87.33,-,-
Ardbeg 1991 GM  Spirit of Scotland,11,49.0 % Vol.,700 ml,2002,1173,87.33,-,-
Ardbeg 1991 GM  Spirit of Scotland,-,53.4 % Vol.,700 ml,2002,2016,88.00,-,-
Ardbeg 1991 GM  Spirit of Scotland,-,52.6 % Vol.,700 ml,2002,2011,83.00,-,-
Ardbeg 1992 GM,10,55.4 % Vol.,700 ml,2003,-,64.00,-,-
Ardbeg 1992 GM,10,40.0 % Vol.,700 ml,2003,-,87.00,-,-
Ardbeg 1993 GM  Spirit of Scotland for Juuls Vinhandel,-,56.4 % Vol.,700 ml,2003,1081,88.38,-,-
Ardbeg 1993 GM  Spirit of Scotland,10,57.6 % Vol.,700 ml,2003,1084,87.33,-,-
Ardbeg 1993 GM  Connoisseurs Choice,-,40.0 % Vol.,700 ml,2004,-,80.00,-,-
Ardbeg 1993 GM  Connoisseurs Choice,-,40.0 % Vol.,700 ml,2004,-,-,-,-
Ardbeg 1993 GM  Connoisseurs Choice,12,43.0 % Vol.,700 ml,2005,-,85.36,-,-
Ardbeg 1993 GM  Meregalli Import,10,40.0 % Vol.,700 ml,2003,-,83.00,-,-
Ardbeg 1993 GM  Spirit of Scotland,-,52.9 % Vol.,700 ml,2003,1091,87.11,-,-
Ardbeg 1993 GM  Spirit of Scotland,10,54.4 % Vol.,700 ml,2003,1087,90.00,-,-
Ardbeg 1993 GM  Connoisseurs Choice,-,40.0 % Vol.,700 ml,2003,-,86.33,1,-
Ardbeg 1993 GM  Spirit of Scotland,-,56.2 % Vol.,700 ml,2003,1078,86.00,-,-
Ardbeg 1993 GM  Spirit of Scotland,-,43.0 % Vol.,700 ml,2005,-,89.67,-,-
Ardbeg 1994 GM  Connoisseurs Choice,09,40.0 % Vol.,750 ml,2004,-,-,-,-
Ardbeg 1994 GM  Spirit of Scotland,10,54.2 % Vol.,700 ml,2004,-,83.50,-,-
Ardbeg 1994 GM  Connoisseurs Choice,-,40.0 % Vol.,700 ml,2004,-,-,-,-
Ardbeg 1994 GM  Spirit of Scotland,-,40.0 % Vol.,700 ml,2004,-,-,-,-
Ardbeg 1994 GM  Connoisseurs Choice,10,40.0 % Vol.,700 ml,2004,-,85.50,-,-
Ardbeg 1994 GM  Connoisseurs Choice,09,40.0 % Vol.,700 ml,2004,-,-,-,-
Ardbeg 1994 GM,10,52.6 % Vol.,700 ml,2004,-,89.50,-,-
Ardbeg 1994 GM  Spirit of Scotland,-,55.0 % Vol.,700 ml,2004,2314,-,-,-
Ardbeg 1994 GM  Spirit of Scotland,10,56.5 % Vol.,700 ml,2004,2328,-,-,-
Ardbeg 1995 GM  Connoisseurs Choice,10,40.0 % Vol.,700 ml,2005,-,86.00,-,-
Ardbeg 1995 GM  Spirit of Scotland,-,56.4 % Vol.,700 ml,2004,1397,88.43,-,-
Ardbeg 1995 GM  Connoisseurs Choice,09,40.0 % Vol.,750 ml,2005,-,-,-,-
Ardbeg 1995 GM  Connoisseurs Choice,-,40.0 % Vol.,700 ml,2005,-,83.12,-,-
Ardbeg 1996 GM  Connoisseurs Choice - Single Cask,-,46.0 % Vol.,700 ml,2005,914,87.00,-,-
Ardbeg 1996 GM  Connoisseurs Choice - Single Cask,-,46.0 % Vol.,700 ml,2005,926,88.00,-,-
Ardbeg 1996 GM  Spirit of Scotland,-,53.4 % Vol.,700 ml,2005,903,85.00,-,-
Ardbeg 1996 GM  Spirit of Scotland,09,47.0 % Vol.,700 ml,2005,911,87.67,-,-
Ardbeg 1996 GM  Spirit of Scotland,08,51.7 % Vol.,700 ml,2004,898,86.08,-,-
Ardbeg 1996 GM  Spirit of Scotland,-,53.3 % Vol.,700 ml,2005,928,88.86,-,-
Ardbeg 1996 GM  Connoisseurs Choice - Dumpy bottle,-,46.0 % Vol.,700 ml,2001,901,-,-,-
Ardbeg 1996 GM  Connoisseurs Choice - Single Cask,-,46.0 % Vol.,700 ml,2005,906,88.40,-,-
Ardbeg 1996 GM  Spirit of Scotland,09,51.5 % Vol.,700 ml,2005,922,83.75,-,-
Ardbeg 1996 GM  Spirit of Scotland for Scotspain,08,48.9 % Vol.,700 ml,2005,889,86.50,-,-
Ardbeg 1996 GM  Connoisseurs Choice,09,40.0 % Vol.,700 ml,2005,-,87.00,-,-
Ardbeg 1996 GM  Spirit of Scotland,11,46.0 % Vol.,700 ml,2005,909,88.75,-,-
Ardbeg 1996 GM  Spirit of Scotland,-,49.1 % Vol.,700 ml,2005,923,97.00,-,-
Ardbeg 1996 GM  Connoisseurs Choice - Single Cask,-,46.0 % Vol.,700 ml,2005,907,90.75,-,-
Ardbeg 1996 GM  Connoisseurs Choice - Single Cask,-,46.0 % Vol.,700 ml,2005,919,86.50,-,-
Ardbeg 1996 GM  Connoisseurs Choice - Single Cask,-,46.0 % Vol.,700 ml,2005,916,87.00,-,-
Ardbeg 1996 GM  Spirit of Scotland,09,53.0 % Vol.,700 ml,2005,934,87.00,-,-
Ardbeg 1996 GM  Spirit of Scotland,09,52.9 % Vol.,700 ml,2005,935,89.25,-,-
Ardbeg 1996 GM  Connoisseurs Choice,-,46.0 % Vol.,700 ml,2005,925,-,-,-
Ardbeg 1996 GM  Connoisseurs Choice - Single Cask,-,46.0 % Vol.,700 ml,2005,908,86.18,-,-
Ardbeg 1996 GM  Connoisseurs Choice - Single Cask,-,46.0 % Vol.,700 ml,2005,921,85.00,-,-
Ardbeg 1996 GM  Spirit of Scotland,09,53.1 % Vol.,700 ml,2005,937,87.75,-,-
Ardbeg 1996 GM  Spirit of Scotland,09,49.8 % Vol.,700 ml,2005,923,88.50,-,-
Ardbeg 1996 GM  Spirit of Scotland,08,50.2 % Vol.,700 ml,2004,896,86.00,-,-
Ardbeg 1996 GM  Connoisseurs Choice,-,40.0 % Vol.,700 ml,2005,-,84.70,-,-
Ardbeg 1996 GM  Connoisseurs Choice - Single Cask,-,46.0 % Vol.,700 ml,2005,915,88.50,-,-
Ardbeg 1996 GM  Connoisseurs Choice,-,46.0 % Vol.,700 ml,2005,905,87.00,-,-
Ardbeg 1996 GM  Spirit of Scotland,09,54.7 % Vol.,700 ml,2005,936,88.00,-,-
Ardbeg 1996 GM  Spirit of Scotland,-,54.8 % Vol.,700 ml,2005,902,-,-,-
Ardbeg 1996 GM  Connoisseurs Choice - Single Cask,-,46.0 % Vol.,700 ml,2005,917,89.00,-,-
Ardbeg 1996 GM  Spirit of Scotland,09,49.8 % Vol.,700 ml,2005,924,88.75,-,-
-, , , , , , , , 
Ardbeg 1974 HPdV  Serie no. 24 - Miniature,19,43.0 % Vol.,50 ml,1994,4395,-,-,-
-, , , , , , , , 
Ardbeg 1991 HB  Finest Collection,17,46.0 % Vol.,700 ml,2008,-,88.33,-,-
Ardbeg 1993 HB  Finest Collection - Cask Strength,22,52.8 % Vol.,700 ml,2016,-,90.27,-,-
-, , , , , , , , 
Ardbeg 1990 HSC,12,46.0 % Vol.,700 ml,2003,-,90.94,-,-
Ardbeg 1990 HSC  Magnum,12,46.0 % Vol.,1500 ml,2003,-,86.00,-,-
Ardbeg 1990 HSC,11,57.1 % Vol.,700 ml,2001,-,90.83,-,-
Ardbeg 1990 HSC  Special Selection,12,46.0 % Vol.,700 ml,2003,-,-,-,-
Ardbeg 1990 HSC  Special Selection,-,46.0 % Vol.,700 ml,2003,-,-,-,-
Ardbeg 1990 HSC  Special Selection,12,46.0 % Vol.,700 ml,2003,-,-,-,-
Ardbeg 1991 HSC  Natural Cask Strength Selection,15,58.9 % Vol.,750 ml,2006,644,89.55,1,-
Ardbeg 1993 HSC,10,46.0 % Vol.,1500 ml,2003,-,80.00,-,-
Ardbeg 1993 HSC,10,46.0 % Vol.,700 ml,2003,-,87.33,-,-
Ardbeg 1996 HSC  Lochs and Castles of Scotland No 9,09,46.0 % Vol.,700 ml,2005,110,88.00,-,-
Ardbeg 2000 HSC  100% Islay Selection - Islay 3,07,46.0 % Vol.,700 ml,2007,-,89.83,-,-
-, , , , , , , , 
Ardbeg 1990 HH  Glen Denny,11,43.0 % Vol.,700 ml,2001,-,83.00,-,-
-, , , , , , , , 
Ardbeg 1991 HL  The Kinship - Edition No. 6,26,47.2 % Vol.,700 ml,2019,-,89.33,-,-
Ardbeg 1991 HL  Old & Rare - A Platinum Selection,22,55.8 % Vol.,700 ml,2013,-,90.25,-,-
Ardbeg 1991 HL  Old & Rare - Magnum,25,51.2 % Vol.,1500 ml,2016,HL 5750,91.00,-,-
Ardbeg 1992 HL  The Sovereign,21,49.6 % Vol.,750 ml,2013,HL 9995,89.67,-,-
Ardbeg 1992 HL  The Old Malt Cask,21,49.6 % Vol.,700 ml,2013,HL 13313,89.73,-,-
Ardbeg 1992 HL  The Old Malt Cask - Special Cask Strength,21,49.6 % Vol.,700 ml,2013,HL 9716,89.33,-,-
Ardbeg 1992 HL  The Old Malt Cask - 15th Anniversary,21,50.2 % Vol.,700 ml,2013,-,87.00,-,-
Ardbeg 1992 HL  The Kinship,28,50.1 % Vol.,700 ml,2020,-,-,-,-
Ardbeg 1993 HL  Old & Rare - A Platinum Selection,21,56.4 % Vol.,700 ml,2015,-,89.00,-,-
Ardbeg 26-year-old HL  The Kinship - Edition No. 5,26,49.7 % Vol.,700 ml,2017,-,91.30,-,-
-, , , , , , , , 
Ardbeg 1994 IM  Dun Bheagan,15,48.0 % Vol.,700 ml,2009,794 / 800,85.85,-,-
Ardbeg 1994 IM  Chieftain's Choice - Society Bottling No. 3,17,49.1 % Vol.,700 ml,2011,90542,86.13,-,-
Ardbeg 1994 IM  Chieftain's Choice,17,55.5 % Vol.,750 ml,2011,90541,92.25,-,-
Ardbeg 1994 IM  Dun Bheagan,15,53.0 % Vol.,700 ml,2010,2659 / 2660,87.72,-,-
Ardbeg 1996 IM  Chieftain's,20,46.5 % Vol.,700 ml,2016,808 / 811,88.19,-,-
Ardbeg 1996 IM  Dun Bheagan,19,46.1 % Vol.,700 ml,2015,804 / 807,87.68,-,-
Ardbeg 1996 IM  Chieftain's Limited Edition Collection,21,53.2 % Vol.,700 ml,2017,814,-,-,-
Ardbeg 1998 IM  Chieftain's Choice,11,46.0 % Vol.,700 ml,2009,1770/1774,87.91,-,-
Ardbeg 1998 IM  Chieftain's,13,46.0 % Vol.,750 ml,2011,1779,85.00,-,-
Ardbeg 1998 IM  Dun Bheagan,15,57.5 % Vol.,700 ml,2013,1780,87.00,-,-
Ardbeg 1998 IM  Chieftain's,12,46.0 % Vol.,750 ml,2010,1040,-,-,-
Ardbeg 1998 IM  Chieftain's Choice,12,43.0 % Vol.,700 ml,2010,1783 - 90,84.79,-,-
Ardbeg 1998 IM  Chieftain's Choice,12,43.0 % Vol.,700 ml,2010,1791/1795,85.67,-,-
Ardbeg 1998 IM  Dun Bheagan,11,56.2 % Vol.,700 ml,2010,1782,84.67,-,-
Ardbeg 1998 IM,12,56.8 % Vol.,750 ml,2000,1797,84.25,-,-
Ardbeg 1998 IM  Chieftain's,12,56.8 % Vol.,750 ml,2010,1797,-,-,-
Ardbeg 1998 IM  Dun Bheagan,14,42.9 % Vol.,700 ml,2012,91031 / 91032,84.39,-,-
Ardbeg 1998 IM  Chieftain's Choice,12,56.8 % Vol.,700 ml,2010,1775,88.00,-,-
Ardbeg 1998 IM  Chieftain's Choice,11,50.0 % Vol.,700 ml,2010,1778,89.00,-,-
Ardbeg 1998 IM  Chieftain's,20,46.0 % Vol.,700 ml,2019,1806 - 1807,87.67,-,-
Ardbeg 1998 IM  MacLeod's Extremly Rare,-,43.0 % Vol.,700 ml,-,1804,86.67,-,-
Ardbeg 1998 IM  Chieftain's Choice,11,46.0 % Vol.,700 ml,2009,see note,86.39,-,-
Ardbeg 1999 IM  Chieftain's Choice,10,54.8 % Vol.,700 ml,2009,1065,87.80,-,-
Ardbeg 1999 IM  Chieftain's Choice,10,57.6 % Vol.,700 ml,2009,116,87.33,-,-
Ardbeg 1999 IM  Chieftain's Choice,10,57.5 % Vol.,700 ml,2009,114,86.50,-,-
Ardbeg 1999 IM  Chieftain's - Or Sileis,-,58.7 % Vol.,700 ml,2019,134,91.25,-,-
Ardbeg 2000 IM  WE - Single Islay Malt Scotch Whisky,05,58.4 % Vol.,700 ml,2005,845,85.67,-,-
Ardbeg 2000 IM  Chieftain's,15,43.5 % Vol.,700 ml,2015,946 / 949,85.18,-,-
Ardbeg 2001 IM  Dun Bheagan,15,47.0 % Vol.,700 ml,2016,"256, 258 & 380",87.84,-,-
Ardbeg 2004 IM  Dun Bheagan,15,58.6 % Vol.,700 ml,2019,"700173, 700174",89.11,-,-
Ardbeg 2004 IM  Chieftain's,15,58.8 % Vol.,750 ml,2019,700177,91.33,-,-
Ardbeg 2005 IM  Dun Bheagan,12,46.0 % Vol.,700 ml,2018,700161,83.75,-,-
Ardbeg 2005 IM  Chieftain's,13,54.8 % Vol.,700 ml,2018,700192,88.21,-,-
Ardbeg 2005 IM  Chieftain's Choice,13,46.0 % Vol.,750 ml,2018,700163,-,-,-
-, , , , , , , , 
Ardbeg 1991 JW  The Cross Hill,-,57.1 % Vol.,700 ml,2005,-,87.93,-,-
Ardbeg 1991 JW  Prenzlow Portfolio Collection,-,60.3 % Vol.,700 ml,-,-,90.25,-,-
Ardbeg 1993 JW  The Cross Hill,-,56.3 % Vol.,700 ml,2007,-,87.92,-,-
Ardbeg 2000 JW  Old Train Line,07,53.3 % Vol.,700 ml,2007,40158,86.69,-,-
-, , , , , , , , 
Ardbeg 1975 JM  Fine Malt Selection - Miniature,17,55.8 % Vol.,50 ml,-,-,92.00,-,-
-, , , , , , , , 
Ardbeg 1974 JG,-,40.0 % Vol.,700 ml,1991,-,93.50,-,-
Ardbeg 1975 JG,-,40.0 % Vol.,750 ml,1989,-,90.67,-,-
Ardbeg 1976 JG,-,40.0 % Vol.,750 ml,1990,-,89.60,-,-
-, , , , , , , , 
Ardbeg 1975 JY  Selection,25,58.0 % Vol.,700 ml,2001,-,92.41,-,-
-, , , , , , , , 
Ardbeg 1974 K-B  The Whisky House,22,40.0 % Vol.,700 ml,1996,-,91.63,1,-
-, , , , , , , , 
Ardbeg 1967 Kb,29,52.0 % Vol.,700 ml,1996,923,94.44,-,-
Ardbeg 1967 Kb,29,54.6 % Vol.,700 ml,1996,922,94.60,-,-
Ardbeg 1972 Kb  Handwritten Label,28,49.2 % Vol.,700 ml,2000,-,93.57,-,-
Ardbeg 1973 Kb  Celtic Series,27,47.4 % Vol.,700 ml,2000,-,93.96,-,-
Ardbeg 1974 Kb,18,58.3 % Vol.,700 ml,1992,3345,92.68,-,-
Ardbeg 1974 Kb  Celtic Series,26,50.0 % Vol.,700 ml,2000,-,93.89,-,-
-, , , , , , , , 
Ardbeg 1991 LMDW  Whisky Live Spa 2010 - decanter,18,55.6 % Vol.,700 ml,-,-,88.25,-,-
-, , , , , , , , 
Ardbeg 1974 LR,18,46.0 % Vol.,700 ml,-,3345,91.00,-,-
Ardbeg 1976 LR,-,46.0 % Vol.,700 ml,-,923,91.67,-,-
Ardbeg 1990 LR  Brut de Fût,09,58.2 % Vol.,700 ml,1999,-,-,-,-
Ardbeg 1991 LR  Brut de Fût,09,60.9 % Vol.,700 ml,2000,-,-,-,-
-, , , , , , , , 
Ardbeg 1991 McC  Single Cask,13,43.0 % Vol.,700 ml,2005,-,84.75,-,-
Ardbeg 1991 McC  Single Cask - Cask Strength,17,52.0 % Vol.,700 ml,2009,-,89.18,-,-
Ardbeg 1991 McC  Single Cask - Cask Strength,-,57.4 % Vol.,700 ml,2002,-,-,-,-
Ardbeg 1991 McC  Single Cask,12,43.0 % Vol.,700 ml,2003,-,85.00,-,-
Ardbeg 1991 McC  Single Cask,11,43.0 % Vol.,700 ml,2002,-,83.00,-,-
Ardbeg 1991 McC  Single Cask - Cask Strength,09,60.8 % Vol.,700 ml,2001,1014,85.00,-,-
Ardbeg 1991 McC  Single Cask,14,43.0 % Vol.,700 ml,2006,-,86.50,-,-
Ardbeg 1991 McC  Single Cask - Cask Strength,26,40.4 % Vol.,700 ml,2018,1922,93.50,-,-
Ardbeg 1991 McC  Single Cask - Cask Strength,09,60.8 % Vol.,700 ml,2001,1014,87.00,-,-
Ardbeg 1993 McC  Single Cask - Cask Strength,-,50.9 % Vol.,700 ml,2017,1290,91.20,-,-
Ardbeg 1993 McC  Single Cask - Cask Strength,21,54.3 % Vol.,700 ml,2014,1289,89.57,-,-
-, , , , , , , , 
Ardbeg 1991 MP  Premier Malts,12,60.3 % Vol.,700 ml,2003,PM3001,89.67,-,-
Ardbeg 1991 MP  Premier Malts,11,60.6 % Vol.,700 ml,2002,PM2001,88.73,-,-
-, , , , , , , , 
Ardbeg 1991 MoS  90 Years Hotel Bero International,-,48.4 % Vol.,700 ml,2011,MoS 11003,90.42,1,-
Ardbeg 1991 MoS  Geert's Whisky Bar @ Hotel Bero,-,48.9 % Vol.,700 ml,2014,MoS 14054,91.74,1,-
Ardbeg 1998 Ardborn MoS  The warehouse dram No. 4,-,57.8 % Vol.,500 ml,2014,MoS 14022,89.03,1,-
Ardbeg 1998 MoS,-,56.8 % Vol.,700 ml,2015,MoS 15032,88.77,-,-
Ardbeg 1998 MoS,-,54.3 % Vol.,700 ml,2017,MoS 17006,87.78,1,-
Ardbeg 1998 MoS,-,56.9 % Vol.,700 ml,2015,MoS 15005,92.00,1,-
Ardbeg 1998 MoS,-,57.2 % Vol.,700 ml,2015,MoS 15056,88.50,1,-
Ardbeg 1998 MoS,-,58.4 % Vol.,700 ml,2015,MoS 15009,89.48,1,-
Ardbeg 1998 MoS,-,56.3 % Vol.,700 ml,2014,MoS 14049,88.16,1,-
Ardbeg 1998 MoS  Warehouse Collection,-,51.2 % Vol.,700 ml,2012,MoS 12032,87.55,1,-
Ardbeg 1998 MoS  Dunes An Òir,-,58.9 % Vol.,700 ml,2015,MoS 15035,88.65,1,-
Ardbeg 1998 MoS  Little Miss Piggy,-,56.2 % Vol.,700 ml,2014,MoS 14051,88.18,1,-
Ardbeg 1998 MoS,-,57.9 % Vol.,700 ml,2014,MoS 14048,89.43,1,-
Ardbeg 1998 MoS  Amazing Cask,-,58.2 % Vol.,700 ml,2014,MoS 14027,90.46,-,-
Ardbeg 1998 MoS  exclusively selected for hannover-whisky.de,-,56.9 % Vol.,700 ml,2015,MoS 15076,91.10,1,-
Ardbeg 2000 MoS,-,54.8 % Vol.,700 ml,2016,MoS 16016,89.71,1,-
Ardbeg 2000 MoS,-,51.5 % Vol.,700 ml,2018,MoS 18010,89.69,1,-
Ardbeg 2000 MoS,-,52.1 % Vol.,700 ml,2019,MoS 19026,89.75,-,-
Ardbeg 2000 MoS,-,53.2 % Vol.,700 ml,2020,MoS 20016,90.76,-,-
-, , , , , , , , 
Ardbeg 1978 Mb,22,40.0 % Vol.,700 ml,2000,-,88.67,-,-
Ardbeg 1988 Mb,14,40.0 % Vol.,700 ml,2002,-,87.00,-,-
Ardbeg 1989 Mb,15,40.0 % Vol.,700 ml,2004,-,86.00,-,-
-, , , , , , , , 
Ardbeg 14-year-old MoM  Darkness,14,47.7 % Vol.,500 ml,2020,-,-,-,-
Ardbeg 14-year-old MoM,14,52.2 % Vol.,500 ml,2020,-,-,-,-
Ardbeg 18-year-old MoM,18,43.0 % Vol.,50 ml,-,2027 - 29,91.33,-,-
Ardbeg 19-year-old MoM,19,43.0 % Vol.,50 ml,-,4375/77,92.50,-,-
Ardbeg 1974 MoM,18,43.0 % Vol.,700 ml,1993,4370 - 71,92.05,-,-
Ardbeg 1974 MoM,18,43.0 % Vol.,700 ml,1992,3445 - 47,92.00,-,-
Ardbeg 1974 MoM  Celebrating 500 years of Scotch Whisky Distilling 1494 to 1994,-,43.0 % Vol.,700 ml,1994,4384 + 86,92.67,-,-
Ardbeg 1975 MoM,19,43.0 % Vol.,700 ml,1993,4390 - 4392,-,-,-
Ardbeg 1991 MoM  Single Cask Series,23,50.6 % Vol.,700 ml,2015,-,90.00,-,-
Ardbeg 1992 MoM  Single Cask Series,21,42.5 % Vol.,700 ml,2013,430,86.00,-,-
Ardbeg 1993 MoM  Single Cask Series,18,56.3 % Vol.,700 ml,2012,-,89.10,-,-
Ardbeg 2003 MoM  Single Cask Series,12,52.0 % Vol.,700 ml,2015,31142,87.60,-,-
Ardbeg 21-year-old MoM  Darkness!,21,40.1 % Vol.,500 ml,-,-,86.59,-,-
Ardbeg 23-year-old MoM  Darkness!,23,49.1 % Vol.,500 ml,2015,-,89.56,-,-
Ardbeg 24-year-old MoM  Darkness,24,46.8 % Vol.,500 ml,2020,-,-,-,-
-, , , , , , , , 
Ardbeg 1904 MG  Pure Islay Malt,-,80.0 % Vol.,757 ml,-,-,-,-,-
-, , , , , , , , 
Ardbeg 15-year-old MS&C  Islay Malt Scotch Whisky,15,43.0 % Vol.,750 ml,-,-,74.00,-,-
-, , , , , , , , 
Ardbeg 1992 MNC,10,46.0 % Vol.,700 ml,2002,426,84.00,-,-
-, , , , , , , , 
Ardbeg 2008 MBl  The Maltman,-,55.1 % Vol.,700 ml,2018,30020,87.33,-,-
Ardbeg 2008 MBl,-,53.3 % Vol.,700 ml,2018,30012,90.00,-,-
-, , , , , , , , 
Ardbeg 1973 M&C  Single Malt Collection,15,46.0 % Vol.,750 ml,-,-,92.54,-,-
-, , , , , , , , 
Ardbeg 1991 Mg  The Single Cask Collection,10,43.0 % Vol.,700 ml,2001,1018,-,-,-
Ardbeg 1991 Mg  The Single Cask Collection,10,43.0 % Vol.,750 ml,2001,1017,88.00,-,-
-, , , , , , , , 
Ardbeg 1966 MI  The Birds - first collection,-,46.0 % Vol.,750 ml,1987,2443,92.38,-,-
Ardbeg 1966 MI  The Birds - first collection,-,46.0 % Vol.,750 ml,1987,348,92.84,-,-
Ardbeg 1966 MI  The Birds - first collection,-,46.0 % Vol.,750 ml,1987,2445,92.67,-,-
Ardbeg 1974 MI  The Sails in the Wind,-,46.0 % Vol.,700 ml,1993,2313 + 14,92.42,-,-
-, , , , , , , , 
Ardbeg 1978 MM  The Syndicate's,10,57.8 % Vol.,750 ml,1988,-,91.33,-,-
Ardbeg 1990 MM,09,46.0 % Vol.,700 ml,1999,MM 2998,86.25,-,-
Ardbeg 1990 MM,-,46.0 % Vol.,700 ml,1999,MM 2998,85.50,-,-
Ardbeg 1991 MM,14,46.0 % Vol.,700 ml,2005,-,89.00,-,-
Ardbeg 1991 MM  Bloodtub Valinch,14,57.4 % Vol.,500 ml,2005,643,88.50,-,-
Ardbeg 1991 MM,11,46.0 % Vol.,700 ml,2002,MM 651,82.00,-,-
Ardbeg 1991 MM,09,46.0 % Vol.,50 ml,2000,MM 3112,87.00,-,-
Ardbeg 1991 MM,13,46.0 % Vol.,700 ml,2004,MM 0426,87.00,-,-
Ardbeg 1991 MM,12,46.0 % Vol.,700 ml,2003,MM 652,89.00,-,-
Ardbeg 1991 MM  Aficionado,20,46.0 % Vol.,700 ml,-,-,-,-,-
Ardbeg 1991 MM,11,46.0 % Vol.,700 ml,2002,MM 654,84.92,1,-
Ardbeg 1991 MM,09,46.0 % Vol.,700 ml,2000,MM 2999,85.83,-,-
Ardbeg 1991 MM  Mission Gold Series,19,55.9 % Vol.,700 ml,2010,-,86.67,-,-
Ardbeg 1991 MM,10,46.0 % Vol.,700 ml,2001,MM 2114,89.00,-,-
Ardbeg 1991 MM  Aficionado,20,46.0 % Vol.,700 ml,2011,-,88.00,-,-
Ardbeg 1993 MM  Mission Gold Series,18,56.9 % Vol.,700 ml,2011,-,90.07,-,-
Ardbeg 1994 MM  Mission Gold Series,14,53.7 % Vol.,700 ml,2008,-,90.32,-,-
Ardbeg 1994 MM  Mission Gold Series,17,56.5 % Vol.,700 ml,2011,-,88.92,-,-
Ardbeg 1994 MM  Mission Gold Series,14,55.3 % Vol.,700 ml,2008,-,89.09,-,-
-, , , , , , , , 
Ardbeg 2005 NSS  Cask Series 004,12,51.9 % Vol.,700 ml,2018,-,87.76,-,-
-, , , , , , , , 
Ardbeg 1996 OrSe  Craftsman Selection,-,52.5 % Vol.,700 ml,2018,96818,92.00,-,-
-, , , , , , , , 
Ardbeg 09-year-old RTS  Malt Whisky,09,0.0 % Vol.,757 ml,-,-,-,-,-
-, , , , , , , , 
Ardbeg 1973 RWD  20th anniversary,-,57.0 % Vol.,750 ml,1988,-,94.21,-,-
Ardbeg 1974 RWD,15,57.0 % Vol.,750 ml,1990,-,94.15,-,-
Ardbeg 1974 RWD,15,57.3 % Vol.,750 ml,1989,-,-,-,-
Ardbeg 1974 RWD,-,59.0 % Vol.,750 ml,1983,-,93.94,-,-
Ardbeg 1975 RWD  Duthie's,-,46.0 % Vol.,700 ml,1993,-,91.19,-,-
Ardbeg 1975 RWD,-,57.0 % Vol.,750 ml,1990,-,93.76,-,-
Ardbeg 1975 RWD,-,57.0 % Vol.,750 ml,1987,-,93.59,-,-
Ardbeg 1975 RWD,11,43.0 % Vol.,750 ml,1986,-,90.67,-,-
Ardbeg 1976 RWD,17,46.0 % Vol.,700 ml,1993,921,90.88,-,-
Ardbeg 1976 RWD,-,46.0 % Vol.,700 ml,1993,-,93.62,-,-
Ardbeg 1978 RWD  Duthie's,-,46.0 % Vol.,700 ml,-,-,90.00,-,-
-, , , , , , , , 
Ardbeg 1973 Sa  Fragments of Scotland,-,57.0 % Vol.,750 ml,1988,-,93.97,-,-
Ardbeg 1991 Sa  Coilltean,-,45.0 % Vol.,700 ml,2005,632,90.00,-,-
Ardbeg 1991 Sa  Black Bottle,09,45.0 % Vol.,700 ml,2001,631,87.17,-,-
-, , , , , , , , 
Ardbeg 1967 ScMS  Special Selection,28,53.0 % Vol.,500 ml,-,-,93.00,-,-
-, , , , , , , , 
Ardbeg 1974 MC,19,55.1 % Vol.,700 ml,1993,4377,92.94,-,-
Ardbeg 1974 MC,23,50.8 % Vol.,700 ml,1998,1035,92.61,-,-
-, , , , , , , , 
Ardbeg 1992 Sc,15,51.6 % Vol.,700 ml,2007,-,88.45,-,-
-, , , , , , , , 
Ardbeg 1972 Ses,13,43.0 % Vol.,750 ml,-,-,91.42,-,-
Ardbeg 1973 Ses,15,53.5 % Vol.,750 ml,1988,-,92.70,-,-
Ardbeg 1973 Ses,14,40.0 % Vol.,750 ml,-,-,91.00,-,-
Ardbeg 1973 Ses,14,53.4 % Vol.,750 ml,-,-,91.67,-,-
Ardbeg 1973 Ses,15,53.4 % Vol.,750 ml,1988,-,90.75,-,-
Ardbeg 1973 Ses,15,53.4 % Vol.,750 ml,1988,-,92.05,-,-
Ardbeg 1973 Ses,15,43.0 % Vol.,750 ml,1988,-,91.53,-,-
Ardbeg 1973 Ses,15,43.0 % Vol.,750 ml,1988,-,91.82,-,-
Ardbeg 1973 Ses,14,43.0 % Vol.,750 ml,-,-,-,-,-
Ardbeg 1973 Ses,14,53.3 % Vol.,750 ml,-,-,91.57,-,-
Ardbeg 1974 Ses,21,40.0 % Vol.,700 ml,1996,-,89.12,-,-
Ardbeg 1974 Ses,21,40.0 % Vol.,700 ml,1996,-,88.77,-,-
Ardbeg 1974 Ses,21,40.0 % Vol.,700 ml,1995,-,88.63,-,-
Ardbeg 1974 Ses  Crest Label - Sestante Import,18,40.0 % Vol.,700 ml,-,-,91.37,-,-
Ardbeg 1978 Ses,11,59.4 % Vol.,750 ml,1990,-,91.95,-,-
Ardbeg 1978 Ses,21,40.0 % Vol.,700 ml,2000,-,91.00,-,-
-, , , , , , , , 
Ardbeg 1967 SV  Vintage Collection - Dumpy,30,52.2 % Vol.,700 ml,1997,1138,93.12,-,-
Ardbeg 1967 SV  Vintage Collection - Dumpy,28,53.7 % Vol.,700 ml,1995,575,93.46,-,-
Ardbeg 1967 SV  Vintage Collection - Dumpy,28,53.2 % Vol.,700 ml,1995,574,93.72,1,-
Ardbeg 1967 SV  Vintage Collection - Dumpy,30,50.3 % Vol.,700 ml,1997,1141,92.71,-,-
Ardbeg 1967 SV  Vintage Collection - Dumpy,29,52.8 % Vol.,700 ml,1996,576,93.19,-,-
Ardbeg 1967 SV  Vintage Collection - Dumpy,30,49.8 % Vol.,700 ml,1997,1140,92.81,-,-
Ardbeg 1967 SV  Vintage Collection - Dumpy,28,50.6 % Vol.,750 ml,1995,-,92.60,1,-
Ardbeg 1967 SV  Vintage Collection - Dumpy,30,51.7 % Vol.,750 ml,1997,1142,93.00,-,-
Ardbeg 1967 SV  Vintage Collection - Dumpy,30,52.0 % Vol.,700 ml,1997,578,93.49,-,-
Ardbeg 1972 SV  Vintage Collection - Dumpy,18,58.9 % Vol.,750 ml,1991,3444,93.13,-,-
Ardbeg 1973 SV  Vintage Collection - Dumpy,15,46.0 % Vol.,750 ml,1989,4902,91.71,1,-
Ardbeg 1974 SV  Vintage Collection,19,43.0 % Vol.,700 ml,1993,4375 + 4376 + 4377,90.40,-,-
Ardbeg 1974 SV  Vintage Collection - Dumpy,17,43.0 % Vol.,700 ml,1992,2026,92.20,1,-
Ardbeg 1974 SV  Vintage Collection - Dumpy,24,51.3 % Vol.,700 ml,1998,654,92.90,-,-
Ardbeg 1974 SV  Vintage Collection - Dumpy,24,51.3 % Vol.,750 ml,1998,657 + 658,92.43,-,-
Ardbeg 1974 SV  Vintage Collection - Dumpy,23,50.9 % Vol.,750 ml,1997,1046,92.40,-,-
Ardbeg 1974 SV  Vintage Collection - Dumpy,23,51.7 % Vol.,700 ml,1997,357,92.33,-,-
Ardbeg 1974 SV  Vintage Collection - Dumpy,23,51.2 % Vol.,700 ml,1997,1063 + 1065,92.80,-,-
Ardbeg 1974 SV  Vintage Collection,19,43.0 % Vol.,700 ml,1993,4390 + 4391,91.44,-,-
Ardbeg 1974 SV  Vintage Collection,23,43.0 % Vol.,350 ml,1997,1066,92.50,-,-
Ardbeg 1974 SV  Vintage Collection,23,43.0 % Vol.,700 ml,1997,1059 + 1060 + 1062,90.30,-,-
Ardbeg 1974 SV  Vintage Collection,23,43.0 % Vol.,700 ml,1997,1047 + 48 + 52 + 54,91.57,-,-
Ardbeg 1974 SV  Vintage Collection - Dumpy,23,53.0 % Vol.,700 ml,1997,696,92.19,1,-
Ardbeg 1974 SV  Vintage Collection - Dumpy,23,52.4 % Vol.,700 ml,1997,1042,92.00,-,-
Ardbeg 1974 SV  Vintage Collection,24,43.0 % Vol.,700 ml,1998,659 + 661,92.25,-,-
Ardbeg 1974 SV  Vintage Collection - Dumpy,23,50.9 % Vol.,700 ml,1997,1045,92.18,-,-
Ardbeg 1974 SV  Vintage Collection - Dumpy,24,51.2 % Vol.,700 ml,1998,662 + 1034,92.62,-,-
Ardbeg 1974 SV  Dumpy,23,51.2 % Vol.,700 ml,1997,1068,-,-,-
Ardbeg 1974 SV  Vintage Collection,23,43.0 % Vol.,700 ml,1997,670 + 71 +73 + 75,92.15,-,-
Ardbeg 1974 SV  Vintage Collection,23,43.0 % Vol.,350 ml,1997,668,91.75,1,-
Ardbeg 1974 SV  Vintage Collection,24,43.0 % Vol.,700 ml,1998,665 + 667,91.68,-,-
Ardbeg 1974 SV  The Prestonfield,17,43.0 % Vol.,700 ml,-,2026 - 29,92.17,-,-
Ardbeg 1975 SV  Vintage Collection,18,43.0 % Vol.,700 ml,1993,2461 + 2462 + 2463,84.25,1,-
Ardbeg 1975 SV  Decanter Collection,18,43.0 % Vol.,700 ml,1993,2464 - 67,89.00,-,-
Ardbeg 1975 SV  Vintage Collection - Dumpy,18,53.9 % Vol.,700 ml,1993,2462,92.00,-,-
Ardbeg 1991 SV  Vintage Collection - Cask Strength,08,60.2 % Vol.,700 ml,1999,616,87.67,-,-
Ardbeg 1991 SV  Vintage Collection,08,43.0 % Vol.,700 ml,1999,606 - 609,83.00,-,-
Ardbeg 1991 SV  Vintage Collection,08,43.0 % Vol.,700 ml,1999,622 + 23,86.00,-,-
Ardbeg 1991 SV  Cask Strength Collection,25,51.0 % Vol.,700 ml,2016,2045302,89.41,-,-
Ardbeg 1991 SV  Vintage Collection - Cask Strength,08,60.7 % Vol.,700 ml,1999,621,86.00,-,-
Ardbeg 1991 SV  Vintage Collection,08,43.0 % Vol.,350 ml,1999,610,89.00,1,-
Ardbeg 1991 SV  Vintage Collection,08,43.0 % Vol.,700 ml,1999,611 - 615,86.00,-,-
Ardbeg 1991 SV  Vintage Collection,08,43.0 % Vol.,700 ml,1999,617 - 20,83.38,1,-
Ardbeg 1991 SV  Vintage Collection,08,43.0 % Vol.,700 ml,1999,629 + 630,-,-,-
Ardbeg 1991 SV  Vintage Collection - Dumpy,08,43.0 % Vol.,700 ml,1999,628,-,-,-
Ardbeg 1991 SV  Vintage Collection,08,43.0 % Vol.,700 ml,1999,624 + 626,87.00,-,-
Ardbeg 1991 SV  Vintage Collection - Dumpy,08,43.0 % Vol.,700 ml,1999,627,-,-,-
Ardbeg 1992 SV  Straight from the Cask,10,56.7 % Vol.,500 ml,2002,424,88.33,-,-
Ardbeg 1992 SV  Straight from the Cask,10,57.1 % Vol.,500 ml,2002,427,89.00,-,-
Ardbeg 1992 SV  The Un-Chillfiltered Collection,08,43.0 % Vol.,700 ml,2000,413,-,-,-
Ardbeg 1992 SV  Millennium Edition,08,43.0 % Vol.,700 ml,2000,416 + 17,87.00,-,-
Ardbeg 1992 SV  Millennium Edition,08,43.0 % Vol.,700 ml,2000,414 + 15,86.83,-,-
Ardbeg 1998 SV   Straight From The Cask,18,56.6 % Vol.,500 ml,2016,1776,89.43,-,-
-, , , , , , , , 
Ardbeg 1972 SS  First Bottling,28,43.0 % Vol.,700 ml,2001,-,92.00,-,-
Ardbeg 1972 SS  Crystal Decanter,28,43.0 % Vol.,750 ml,2001,-,-,-,-
Ardbeg 1974 SS  Single Barrel,26,40.0 % Vol.,700 ml,2001,-,90.78,-,-
Ardbeg 1974 SS,28,40.0 % Vol.,700 ml,2002,-,90.83,-,-
Ardbeg 1974 SS  First Bottling,26,46.0 % Vol.,700 ml,2001,-,90.59,-,-
Ardbeg 1976 SS  First Bottling,25,50.0 % Vol.,700 ml,2001,-,89.81,-,-
Ardbeg 1976 SS  Pure Islay Malt,25,50.0 % Vol.,700 ml,2002,-,91.52,-,-
Ardbeg 1976 SS  Pure Islay Malt,25,43.0 % Vol.,700 ml,2002,-,90.67,-,-
Ardbeg 1976 SS  Single Barrel,25,50.0 % Vol.,700 ml,2002,-,90.03,-,-
Ardbeg 1976 SS  Pure Islay Malt,25,46.0 % Vol.,700 ml,2001,-,91.00,-,-
Ardbeg 1978 SS  Golden Jubilee - K2,25,46.0 % Vol.,1500 ml,2004,-,92.00,-,-
Ardbeg 1978 SS  Silver Jubilee - Everest,25,46.0 % Vol.,700 ml,2003,-,91.50,-,-
Ardbeg 1978 SS,25,46.0 % Vol.,700 ml,-,-,-,-,-
Ardbeg 1991 SS  Sestante Collection,18,50.0 % Vol.,1500 ml,2009,-,88.00,-,-
Ardbeg 1991 SS  Sestante Collection,18,50.0 % Vol.,700 ml,2009,-,89.33,-,-
Ardbeg 1992 SS  Sesante Collection,26,45.4 % Vol.,1500 ml,2018,435,-,-,-
Ardbeg 1992 SS  Collecting Whisky,12,46.0 % Vol.,700 ml,2004,-,89.56,-,-
Ardbeg 1992 SS  Single Barrel,12,46.0 % Vol.,700 ml,2004,-,89.44,-,-
Ardbeg 2000 SS  Single Barrel,-,62.2 % Vol.,700 ml,-,-,90.60,-,-
Ardbeg 2001 SS  Pure Islay Malt,-,57.4 % Vol.,700 ml,-,-,91.09,-,-
-, , , , , , , , 
Ardbeg 2000 SkV  Single City Malt Slagelse no. 2,-,62.6 % Vol.,700 ml,2007,-,-,-,-
-, , , , , , , , 
Ardbeg 2000 SMS  The Single Malts of Scotland,07,62.5 % Vol.,700 ml,2007,2,90.60,-,-
Ardbeg 2000 SMS  The Single Malts of Scotland,06,62.2 % Vol.,700 ml,2007,102,88.00,-,-
Ardbeg 2000 SMS  The Single Malts of Scotland,08,62.6 % Vol.,700 ml,2008,60215,87.22,-,-
Ardbeg 2000 SMS  The Single Malts of Scotland,08,62.6 % Vol.,700 ml,2008,60215,-,-,-
Ardbeg 2000 SMS The Whisky Exchange  Straight from the Cask,-,62.5 % Vol.,500 ml,2008,-,88.67,-,-
Ardbeg 2001 SMS  The Taster,06,58.7 % Vol.,700 ml,-,25,-,-,-
Ardbeg Ar1 SMS  Elements of Islay,-,58.7 % Vol.,500 ml,2008,-,88.35,-,-
Ardbeg Ar2 SMS  Elements of Islay,-,60.5 % Vol.,500 ml,2009,-,88.42,-,-
Ardbeg Ar3 SMS  Elements of Islay,-,52.3 % Vol.,500 ml,2013,-,88.61,-,-
Ardbeg Ar4 SMS  Elements of Islay,-,58.1 % Vol.,500 ml,2014,-,89.61,-,-
Ardbeg Ar5 SMS  Elements of Islay,-,57.8 % Vol.,500 ml,2014,-,87.67,-,-
Ardbeg Ar6 SMS  Elements of Islay,-,55.7 % Vol.,500 ml,2016,-,90.58,-,-
Ardbeg Ar7 SMS  Elements of Islay,-,56.3 % Vol.,500 ml,2016,-,88.16,-,-
-, , , , , , , , 
Ardbeg 1994 SpD,12,59.0 % Vol.,700 ml,2006,-,90.56,-,-
-, , , , , , , , 
Ardbeg 1974 SIAB  Symposion Christmas Bottling,30,43.3 % Vol.,500 ml,2004,-,90.67,-,-
Ardbeg 1991 SIAB,11,43.0 % Vol.,700 ml,2002,S012891,86.67,-,-
-, , , , , , , , 
Ardbeg 1990 TS  La Maison du Whisky Belgique,-,58.6 % Vol.,700 ml,2006,2900,89.70,-,-
Ardbeg 1998 TS  Smells Like Teen Spirit,-,46.0 % Vol.,700 ml,2010,1796,86.14,-,-
-, , , , , , , , 
Ardbeg Batch 1 TBWC,-,51.9 % Vol.,500 ml,2012,-,88.19,-,-
Ardbeg Batch 10 TBWC,13,48.3 % Vol.,500 ml,2018,-,90.00,-,-
Ardbeg Batch 11 TBWC,13,47.9 % Vol.,500 ml,-,-,89.00,-,-
Ardbeg Batch 12 TBWC,13,49.2 % Vol.,500 ml,2019,-,90.00,-,-
Ardbeg Batch 14 TBWC,12,49.2 % Vol.,500 ml,2018,-,88.48,-,-
Ardbeg Batch 15 TBWC,12,49.2 % Vol.,375 ml,2018,-,-,-,-
Ardbeg Batch 16 TBWC,24,48.1 % Vol.,500 ml,2018,-,89.00,-,-
Ardbeg Batch 19 TBWC,27,50.6 % Vol.,500 ml,2018,-,91.22,-,-
Ardbeg Batch 2 TBWC,-,50.9 % Vol.,500 ml,2012,-,88.07,-,-
Ardbeg Batch 22 TBWC,19,54.2 % Vol.,500 ml,-,-,-,-,-
Ardbeg Batch 23 TBWC,12,49.2 % Vol.,500 ml,2019,-,88.53,-,-
Ardbeg Batch 3 TBWC,-,49.8 % Vol.,500 ml,2013,-,90.00,-,-
Ardbeg Batch 4 TBWC,-,52.4 % Vol.,500 ml,2013,-,89.08,-,-
Ardbeg Batch 5 TBWC,-,47.5 % Vol.,500 ml,2015,-,90.25,-,-
Ardbeg Batch 6 TBWC,-,48.6 % Vol.,500 ml,2015,-,86.50,-,-
Ardbeg Batch 7 TBWC,12,52.0 % Vol.,500 ml,2016,-,88.33,-,-
Ardbeg Batch 8 TBWC,13,50.4 % Vol.,500 ml,2017,-,90.00,-,-
Ardbeg Batch 9 TBWC,13,50.4 % Vol.,500 ml,-,-,-,-,-
-, , , , , , , , 
Ardbeg 1975 TAA  Lost in the Warehouse,30,58.2 % Vol.,700 ml,2005,68A,92.75,-,-
-, , , , , , , , 
Ardbeg 2004 TCIWC  The Stories of Wind & Wave,15,54.9 % Vol.,700 ml,2020,11673,-,-,-
-, , , , , , , , 
Ardbeg 1991 TDu  Shieldmaidens - Malin,25,49.8 % Vol.,700 ml,2016,649,89.17,-,-
Ardbeg 25-year-old TDu  Puffin Label,25,50.1 % Vol.,700 ml,2020,-,91.36,-,-
-, , , , , , , , 
Ardbeg 2001  OurBeg QM  Rare Cask - Edition XXII,-,58.7 % Vol.,700 ml,-,29,87.25,-,-
-, , , , , , , , 
Ardbeg 07-year-old SMWS 33.127  It's a Knockout,07,64.0 % Vol.,100 ml,-,33.127,86.33,-,-
Ardbeg 10-year-old SMWS 33.119  A Gumtree bonfire barbeque on the beach,10,58.5 % Vol.,700 ml,-,33.119,85.00,-,-
Ardbeg 11-year-old SMWS 33.107  Harmonious integration,11,57.8 % Vol.,700 ml,2011,33.107,88.50,-,-
Ardbeg 12-year-old SMWS 33.5,-,55.7 % Vol.,700 ml,1987,33.5,92.00,-,-
Ardbeg 15-year-old SMWS 33.24  Creosote over pitch-pine,15,56.6 % Vol.,700 ml,-,33.24,-,-,-
"Ardbeg 1966 SMWS 33.13  Sweet, Sour and Phenolic",26,50.5 % Vol.,700 ml,1992,33.13,92.00,-,-
"Ardbeg 1973 SMWS 33.14  Peat, Pepper and Vanilla",-,56.1 % Vol.,700 ml,1992,33.14,91.81,-,-
Ardbeg 1974 SMWS 33.11,16,56.0 % Vol.,750 ml,1991,33.11,90.64,-,-
Ardbeg 1974 SMWS 33.12,-,56.2 % Vol.,750 ml,1991,33.12,92.00,-,-
Ardbeg 1974 SMWS 33.6,-,57.5 % Vol.,700 ml,1987,33.6,89.00,-,-
Ardbeg 1974 SMWS 33.7,-,56.5 % Vol.,700 ml,1988,33.7,-,-,-
Ardbeg 1974 SMWS 33.8,-,55.1 % Vol.,750 ml,1988,33.8,85.00,-,-
Ardbeg 1975 SMWS 33.1,-,54.0 % Vol.,750 ml,1986,33.1,90.00,-,-
Ardbeg 1975 SMWS 33.10,-,54.9 % Vol.,750 ml,1990,33.10,91.67,-,-
Ardbeg 1975 SMWS 33.2,-,48.9 % Vol.,750 ml,1986,33.2,-,-,-
Ardbeg 1975 SMWS 33.3,-,52.4 % Vol.,750 ml,1986,33.3,90.00,-,-
Ardbeg 1977 SMWS 33,-,62.0 % Vol.,200 ml,1993,33,85.00,1,-
Ardbeg 1977 SMWS 33.15,-,64.2 % Vol.,700 ml,1993,33.15,89.50,-,-
Ardbeg 1977 SMWS 33.16,15,64.1 % Vol.,700 ml,1993,33.16,91.50,-,-
Ardbeg 1977 SMWS 33.17,15,63.3 % Vol.,700 ml,1993,33.17,90.00,-,-
Ardbeg 1977 SMWS 33.18,-,63.0 % Vol.,700 ml,1993,33.18,92.00,-,-
Ardbeg 1977 SMWS 33.19,16,62.5 % Vol.,700 ml,1993,33.19,88.00,-,-
Ardbeg 1977 SMWS 33.20,-,64.4 % Vol.,700 ml,1993,33.20,92.00,-,-
Ardbeg 1977 SMWS 33.21,-,63.2 % Vol.,700 ml,1993,33.21,89.00,-,-
Ardbeg 1977 SMWS 33.22,-,63.4 % Vol.,700 ml,1993,33.22,92.00,-,-
Ardbeg 1977 SMWS 33.23,16,61.6 % Vol.,700 ml,1993,33.23,89.00,-,-
Ardbeg 1977 SMWS 33.9,-,60.8 % Vol.,750 ml,1989,33.9,-,-,-
Ardbeg 1978 SMWS 33.25,-,54.1 % Vol.,700 ml,1994,33.25,91.50,-,-
Ardbeg 1978 SMWS 33.26,-,50.4 % Vol.,700 ml,1994,33.26,91.00,-,-
Ardbeg 1978 SMWS 33.27,-,62.3 % Vol.,700 ml,1994,33.27,90.00,-,-
Ardbeg 1978 SMWS 33.30,15,65.1 % Vol.,700 ml,1994,33.30,91.00,-,-
Ardbeg 1978 SMWS 33.31  Seaweed and fruitcake and black plug tobacco,17,55.1 % Vol.,700 ml,1995,33.31,89.00,-,-
Ardbeg 1978 SMWS 33.32,-,51.8 % Vol.,700 ml,1995,33.32,88.00,-,-
Ardbeg 1978 SMWS 33.33,17,54.3 % Vol.,700 ml,1995,33.33,90.00,-,-
Ardbeg 1978 SMWS 33.34,17,52.2 % Vol.,700 ml,1995,33.34,90.00,1,-
"Ardbeg 1978 SMWS 33.35  Starts with a bag of sweetie, finishes with chorizo sausages",17,54.6 % Vol.,700 ml,1995,33.35,88.00,-,-
Ardbeg 1978 SMWS 33.36,-,53.4 % Vol.,700 ml,1995,33.36,87.50,-,-
"Ardbeg 1978 SMWS 33.37  Firewater and liquorice, sweets under tar",-,57.4 % Vol.,700 ml,1995,33.37,90.50,-,-
Ardbeg 1978 SMWS 33.38,17,52.8 % Vol.,700 ml,1995,33.38,88.50,-,-
Ardbeg 1978 SMWS 33.39,17,54.4 % Vol.,700 ml,1995,33.39,89.00,-,-
Ardbeg 1978 SMWS 33.40  A case of mistaken identity,18,55.3 % Vol.,700 ml,1996,33.40,86.00,-,-
Ardbeg 1978 SMWS 33.41  Like drinking velvet,-,54.4 % Vol.,700 ml,1996,33.41,90.00,-,-
Ardbeg 1979 SMWS 33.42,16,56.2 % Vol.,700 ml,1996,33.42,91.50,-,-
"Ardbeg 1979 SMWS 33.43  Wonderfully intense, a profound Islay",16,60.2 % Vol.,700 ml,1996,33.43,89.00,-,-
Ardbeg 1979 SMWS 33.44  Mulled medicine,-,59.5 % Vol.,700 ml,1996,33.44,87.00,-,-
Ardbeg 1979 SMWS 33.45  Wart remover,-,59.9 % Vol.,700 ml,1996,33.45,89.00,-,-
Ardbeg 1979 SMWS 33.46,-,62.4 % Vol.,700 ml,1996,33.46,87.00,-,-
Ardbeg 1979 SMWS 33.47,16,60.7 % Vol.,700 ml,1996,33.47,91.00,-,-
Ardbeg 1993 SMWS 33.48  May flowers and Swarfega,08,59.8 % Vol.,700 ml,2002,33.48,84.33,1,-
Ardbeg 1993 SMWS 33.49  Plasticine and marzipan,08,60.4 % Vol.,700 ml,2002,33.49,86.00,-,-
Ardbeg 1994 SMWS 33.50  Lang may your lum reek,10,59.5 % Vol.,700 ml,2004,33.50,88.00,-,-
Ardbeg 1994 SMWS 33.51  Big boy in the kitchen,10,59.9 % Vol.,700 ml,2004,33.51,88.38,-,-
Ardbeg 1994 SMWS 33.52  Rowan jelly and menthol cigarettes,10,58.3 % Vol.,700 ml,2004,33.52,87.00,-,-
Ardbeg 1994 SMWS 33.53  The Maritimo,10,59.2 % Vol.,750 ml,2004,33.53,85.00,-,-
Ardbeg 1994 SMWS 33.54  Apple-smoked cheese rinds,10,59.1 % Vol.,700 ml,2004,33.54,90.50,-,-
Ardbeg 1997 SMWS 33.102  Smoked porcine,13,55.2 % Vol.,700 ml,2011,33.102,89.42,1,-
Ardbeg 1997 SMWS 33.106  A Tale of Two Drams,13,54.0 % Vol.,100 ml,-,33.106,87.00,-,-
"Ardbeg 1997 SMWS 33.108  Unusual, intriguing and delightful",13,56.6 % Vol.,700 ml,2011,33.108,87.00,1,-
Ardbeg 1997 SMWS 33.82  Wet soot on a wetsuit,12,53.5 % Vol.,700 ml,2009,33.82,88.33,-,-
Ardbeg 1997 SMWS 33.94  Marshmallows on a coal shovel,12,55.1 % Vol.,700 ml,2010,33.94,87.75,-,-
Ardbeg 1997 SMWS 33.97  Citrus Smoke,12,55.5 % Vol.,700 ml,-,33.97,87.75,-,-
Ardbeg 1998 SMWS 33.109  Delightful intensity of sherry and smoke,11,55.6 % Vol.,700 ml,2011,33.109,88.74,-,-
Ardbeg 1998 SMWS 33.55  Young but divine,06,59.4 % Vol.,700 ml,2005,33.55,85.29,-,-
"Ardbeg 1998 SMWS 33.56  Young, sweet and smoky",06,59.6 % Vol.,700 ml,2005,33.56,85.00,-,-
Ardbeg 1998 SMWS 33.57  Stornoway black pudding wrapped in Elastoplast,06,56.2 % Vol.,700 ml,2005,33.57,86.00,-,-
Ardbeg 1998 SMWS 33.58  Hospitals and running shoes,07,58.4 % Vol.,700 ml,2005,33.58,88.00,-,-
Ardbeg 1998 SMWS 33.59  Angel in Doc Martins,07,58.5 % Vol.,750 ml,2005,33.59,-,-,-
Ardbeg 1998 SMWS 33.60  Curtain of smoke on a battlefield,07,58.0 % Vol.,700 ml,2005,33.60,-,-,-
Ardbeg 1998 SMWS 33.61  Youthfully massive,07,57.2 % Vol.,700 ml,2006,33.61,89.33,-,-
Ardbeg 1998 SMWS 33.62  Unique perfection,07,58.0 % Vol.,700 ml,2006,33.62,87.29,-,-
Ardbeg 1998 SMWS 33.63  Smoke and sophistication,07,58.2 % Vol.,750 ml,2006,33.63,82.00,-,-
Ardbeg 1998 SMWS 33.64  Sensory seduction,09,55.6 % Vol.,700 ml,2007,33.64,87.00,-,-
Ardbeg 1998 SMWS 33.65  Chocolate and oak,09,57.6 % Vol.,700 ml,2007,33.65,85.67,-,-
Ardbeg 1998 SMWS 33.66  Dinner Dram,09,58.0 % Vol.,750 ml,2007,33.66,88.75,-,-
Ardbeg 1998 SMWS 33.67  Smoking in the bath,09,58.2 % Vol.,700 ml,2008,33.67,86.50,-,-
Ardbeg 1998 SMWS 33.68  Honeycomb smoke,09,57.4 % Vol.,700 ml,2008,33.68,88.67,1,-
Ardbeg 1998 SMWS 33.69  Smoked fish and black leather,10,57.4 % Vol.,700 ml,2008,33.69,88.50,-,-
Ardbeg 1998 SMWS 33.70  Keith Richards meets Socrates,10,57.3 % Vol.,700 ml,2008,33.70,87.00,-,-
Ardbeg 1998 SMWS 33.71  A punch in the face,10,55.8 % Vol.,750 ml,2008,33.71,89.33,-,-
Ardbeg 1998 SMWS 33.72  Mellow treat,10,57.2 % Vol.,700 ml,2008,33.72,87.00,-,-
Ardbeg 1998 SMWS 33.73  An entire meal - and more!,10,57.8 % Vol.,700 ml,2008,33.73,80.88,-,-
Ardbeg 1998 SMWS 33.74  A dirty dram for Mary Poppins,10,56.6 % Vol.,700 ml,2009,33.74,87.10,-,-
Ardbeg 1998 SMWS 33.76  A civilised scout camp,10,56.3 % Vol.,700 ml,2009,33.76,84.80,-,-
Ardbeg 1998 SMWS 33.77  Breaks the shackles of earth-bound reality,11,57.3 % Vol.,700 ml,-,33.77,87.00,1,-
Ardbeg 1998 SMWS 33.78  Leaves little flickering fires,11,55.4 % Vol.,700 ml,2009,33.78,86.80,-,-
Ardbeg 1999 SMWS 33.104  An Algerian cafe,11,55.7 % Vol.,700 ml,2011,33.104,88.73,-,-
Ardbeg 1999 SMWS 33.114  Sweet versus savoury,11,56.3 % Vol.,700 ml,2011,33.114,87.23,1,-
"Ardbeg 1999 SMWS 33.115  'Man, that's braw!'",11,55.4 % Vol.,700 ml,2011,33.115,87.59,1,-
Ardbeg 1999 SMWS 33.79  A road-side dram,10,55.3 % Vol.,700 ml,-,33.79,86.00,1,-
Ardbeg 1999 SMWS 33.80  A foodie's delight,11,56.6 % Vol.,700 ml,-,33.80,89.00,1,-
Ardbeg 1999 SMWS 33.81  Vanilla slice in a medicine chest!,10,56.7 % Vol.,700 ml,2009,33.81,88.86,-,-
Ardbeg 1999 SMWS 33.84  Cheeky Vimto for Guy Fawkes,10,57.0 % Vol.,700 ml,2010,33.84,87.00,-,-
Ardbeg 1999 SMWS 33.86  Hot N Cold,10,56.4 % Vol.,700 ml,2010,33.86,88.50,-,-
Ardbeg 1999 SMWS 33.88  Perfect pitch of peat,10,56.5 % Vol.,700 ml,2010,33.88,88.00,-,-
Ardbeg 1999 SMWS 33.89  Sweet and secretive,10,57.2 % Vol.,700 ml,2010,33.89,85.71,1,-
Ardbeg 1999 SMWS 33.93  Tarry peppermint tea,10,55.9 % Vol.,700 ml,2010,33.93,89.21,-,-
Ardbeg 1999 SMWS 33.96  Chocolate Caviar,10,56.9 % Vol.,700 ml,2010,33.96,90.45,-,-
Ardbeg 2000 SMWS 33.103  Well balanced wee beastie,10,62.5 % Vol.,700 ml,-,33.103,89.00,1,-
"Ardbeg 2000 SMWS 33.110  Intense, fiery and scouring",11,57.5 % Vol.,700 ml,2011,33.110,89.00,-,-
Ardbeg 2000 SMWS 33.87  Mossy Mohito,10,57.6 % Vol.,700 ml,2010,33.87,89.88,-,-
Ardbeg 2000 SMWS 33.90  Cocktails in a chimney,10,56.7 % Vol.,700 ml,2010,33.90,87.50,-,-
Ardbeg 2000 SMWS 33.91  Barbeque on the Beach at Sundown,10,64.4 % Vol.,700 ml,2010,33.91,87.67,1,-
Ardbeg 2000 SMWS 33.98  Invigorating and breath-catching,10,57.3 % Vol.,700 ml,2010,33.98,88.50,-,-
Ardbeg 2001 SMWS 33.105  Sweet and savoury,09,57.5 % Vol.,700 ml,2011,33.105,83.25,1,-
Ardbeg 2001 SMWS 33.111  Gentle Giant,09,57.6 % Vol.,700 ml,2011,33.111,85.57,1,-
Ardbeg 2001 SMWS 33.75  Penetrates and explodes,07,61.5 % Vol.,700 ml,2009,33.75,86.71,-,-
Ardbeg 2001 SMWS 33.92  Earth daughter,08,57.5 % Vol.,700 ml,-,33.92,87.00,-,-
Ardbeg 2001 SMWS 33.95  A Calm Day on Islay,08,56.3 % Vol.,700 ml,-,33.95,88.50,-,-
Ardbeg 2001 SMWS 33.99  Indian toothpaste,08,58.8 % Vol.,700 ml,-,33.99,88.67,-,-
Ardbeg 2002 SMWS 33.130  The Farmyard and the Chip Shop,11,56.1 % Vol.,700 ml,2013,33.130,88.09,1,-
"Ardbeg 2002 SMWS 33.83  ""Oh, for the joys of a long winter night""",07,60.2 % Vol.,700 ml,2010,33.83,87.00,1,-
Ardbeg 2002 SMWS 33.85  Amazing for its age,07,60.5 % Vol.,700 ml,2010,33.85,87.00,-,-
Ardbeg 2003 SMWS 33.100  Elastoplast and lavender,07,60.7 % Vol.,700 ml,2010,33.100,87.67,1,-
"Ardbeg 2003 SMWS 33.101  Fabulous, thigh-slapping smoke",07,59.6 % Vol.,700 ml,2011,33.101,87.23,1,-
"Ardbeg 2003 SMWS 33.113  Sweet, peaceful dreams",08,60.4 % Vol.,750 ml,2011,33.113,88.75,-,-
Ardbeg 2003 SMWS 33.116  Heather-smoked barbecued crayfish,08,60.4 % Vol.,700 ml,2011,33.116,87.80,-,-
Ardbeg 2003 SMWS 33.120  Flip-flops up a chimney,08,58.5 % Vol.,700 ml,2012,33.120,87.00,1,-
Ardbeg 2004 SMWS 33.121  Barbecued pork on rosemary skewers,08,59.0 % Vol.,700 ml,2012,33.121,88.67,-,-
"Ardbeg 2005 SMWS 33.112  Powerful, elegant and atmospheric",05,60.8 % Vol.,700 ml,2011,33.112,84.56,1,-
Ardbeg 2005 SMWS 33.117  A doctors bag,07,64.3 % Vol.,700 ml,2012,33.117,87.50,-,-
Ardbeg 2005 SMWS 33.118  Goodbye to care,07,65.3 % Vol.,700 ml,2012,33.118,88.00,-,-
"Ardbeg 2005 SMWS 33.122  Big, brooding, masculine and intense",07,59.7 % Vol.,700 ml,2012,33.122,90.00,1,-
Ardbeg 2005 SMWS 33.123  An apothecary’s den,07,59.0 % Vol.,700 ml,2012,33.123,88.33,-,-
Ardbeg 2005 SMWS 33.124  An engineer’s lunch-box,07,59.7 % Vol.,700 ml,2012,33.124,88.03,1,-
Ardbeg 2005 SMWS 33.125  Salted Caramel Lollipop,07,64.4 % Vol.,700 ml,2013,33.125,88.67,1,-
Ardbeg 2005 SMWS 33.126  Gliding on a river of contentment,07,64.8 % Vol.,700 ml,-,33.126,87.20,-,-
Ardbeg 2005 SMWS 33.128  A body-slam from Big Daddy,07,64.6 % Vol.,700 ml,-,33.128,87.18,-,-
Ardbeg 2005 SMWS 33.131  The Mad Scientist on the Dockside,07,61.3 % Vol.,700 ml,-,33.131,86.77,-,-
Ardbeg 2007 SMWS 33.132  Beauty and the Beast,08,60.9 % Vol.,700 ml,2015,33.132,89.11,1,-
Ardbeg 2007 SMWS 33.133  Whipped with happiness,08,60.5 % Vol.,700 ml,2015,33.133,88.40,1,-
Ardbeg 2007 SMWS 33.134  Peat roasted pig Hawaiian style,08,60.9 % Vol.,700 ml,2016,33.134,87.82,1,-
Ardbeg 2007 SMWS 33.135  Peat-reek and barbeque char,09,60.2 % Vol.,700 ml,2017,33.135,88.48,1,-
Ardbeg 2007 SMWS 33.138  A thigh-slapping dram,12,60.9 % Vol.,700 ml,2019,33.138,89.86,2,-
Ardbeg 2007 SMWS 33.139  You would not believe!,12,61.3 % Vol.,700 ml,-,33.139,89.55,2,-
Ardbeg 2007 SMWS 33.143  Thank you and goodnight!,08,59.9 % Vol.,700 ml,2015,33.143,89.31,1,-
Ardbeg 2008 SMWS 33.136  Halcyon tarfest,10,57.1 % Vol.,700 ml,2018,33.136,86.79,1,-
Ardbeg 2008 SMWS 33.137  Campfire marshmallows on singed sticks,10,59.9 % Vol.,700 ml,-,33.137,87.67,1,-
Ardbeg 33 SMWS  Miniature,-,48.0 % Vol.,50 ml,-,33,91.00,-,-
-, , , , , , , , 
Ardbeg 1976 VM  The Cooper's Choice,17,43.0 % Vol.,700 ml,1993,-,-,-,-
-, , , , , , , , 
Ardbeg 30-year-old WC  Miniature,30,52.0 % Vol.,50 ml,-,-,-,-,-
-, , , , , , , , 
Ardbeg 18-year-old TWEx  The 10th Anniversary Series,18,55.9 % Vol.,700 ml,2018,-,90.44,-,-
-, , , , , , , , 
Ardbeg 1991 WF,15,54.4 % Vol.,700 ml,2007,-,88.74,-,-
-, , , , , , , , 
Ardbeg 1973 TwS,-,56.7 % Vol.,700 ml,1990,Vat No. 2396,-,-,-
-, , , , , , , , 
Ardbeg 1991 3R,15,53.5 % Vol.,700 ml,2006,-,-,-,-
Ardbeg 1997 3R,-,54.7 % Vol.,700 ml,2016,-,91.00,-,-
-, , , , , , , , 
Ardbeg 07-year-old UD  May U stay forever young,07,53.6 % Vol.,700 ml,2007,-,90.00,-,-
Ardbeg 10-year-old,10,-,100 ml,1980,-,-,-,-
Ardbeg 14-year-old UD  Cask 94,14,46.0 % Vol.,750 ml,-,94,84.67,-,-
Ardbeg 1967 UD,27,57.0 % Vol.,700 ml,1994,-,92.50,-,-
Ardbeg 1974 UD,18,43.0 % Vol.,700 ml,1992,-,92.85,-,-
Ardbeg 1974 UD,19,40.0 % Vol.,700 ml,1993,-,92.33,-,-
Ardbeg 1978 UD  John MacTaggart's,-,57.8 % Vol.,700 ml,-,-,90.50,-,-
Ardbeg 1996 UD,11,50.5 % Vol.,750 ml,2007,-,87.70,-,-
-, , , , , , , , 
Ardbeg 1974 vW  The Ultimate,19,43.0 % Vol.,700 ml,1994,4395,90.90,1,-
-, , , , , , , , 
Ardbeg 2000 W-e  One Peat,09,62.0 % Vol.,700 ml,-,-,-,-,-
Ardbeg 2000 W-e  One Peat,-,46.0 % Vol.,700 ml,2011,-,86.50,-,-
Ardbeg 2000 W-e  Impressive Cask,-,62.7 % Vol.,700 ml,2006,-,-,-,-
-, , , , , , , , 
Ardbeg 2002 WCR  Club filling,14,48.7 % Vol.,700 ml,2016,17121,87.86,-,-
-, , , , , , , , 
Ardbeg 1992 WhB,21,42.5 % Vol.,700 ml,2013,430,86.26,-,-
Ardbeg 1992 WhB,20,46.6 % Vol.,700 ml,2013,434,87.76,-,-
Ardbeg 1992 WhB,21,46.1 % Vol.,700 ml,2013,434,83.00,-,-
-, , , , , , , , 
Ardbeg 1991 WFY,18,50.0 % Vol.,700 ml,2009,-,90.83,-,-
-, , , , , , , , 
Ardbeg 1998 Wk  ZDFbeg,-,55.5 % Vol.,500 ml,2005,-,87.42,-,-
Ardbeg 1998 Wk  ZDFbeg II,-,52.1 % Vol.,500 ml,2007,-,87.19,-,-
-, , , , , , , , 
Ardbeg 1998 WM&C  Shieldaig Collection,12,57.2 % Vol.,700 ml,2011,1805,-,-,-
-, , , , , , , , 
Ardbeg 1974 WM  Barrel Selection,18,54.6 % Vol.,700 ml,1993,4371,92.96,-,-
Ardbeg 1974 WM  Barrel Selection,18,46.0 % Vol.,700 ml,1993,-,92.30,-,-
Ardbeg 1974 WM  Barrel Selection,18,52.3 % Vol.,700 ml,1993,4385,-,-,-
Ardbeg 1975 WM  Anniversary Selection,26,46.0 % Vol.,700 ml,2002,-,91.48,-,-
Ardbeg 1976 WM  Vintage - Single Cask,20,43.0 % Vol.,700 ml,1996,409/95,91.71,-,-
Ardbeg 1991 WM  Barrel Selection,-,46.0 % Vol.,700 ml,2000,633,87.00,-,-
Ardbeg 1991 WM  Barrel Selection - Collector's Edition,25,62.8 % Vol.,700 ml,2016,635,90.33,-,-
Ardbeg 1991 WM  Barrel Selection,-,46.0 % Vol.,700 ml,2000,634,-,-,-
